CREATE DATABASE  IF NOT EXISTS `hoteldatabasenew` /*!40100 DEFAULT CHARACTER SET utf8mb4 COLLATE utf8mb4_0900_ai_ci */ /*!80016 DEFAULT ENCRYPTION='N' */;
USE `hoteldatabasenew`;
-- MySQL dump 10.13  Distrib 8.0.32, for Win64 (x86_64)
--
-- Host: 127.0.0.1    Database: hoteldatabasenew
-- ------------------------------------------------------
-- Server version	8.0.32

/*!40101 SET @OLD_CHARACTER_SET_CLIENT=@@CHARACTER_SET_CLIENT */;
/*!40101 SET @OLD_CHARACTER_SET_RESULTS=@@CHARACTER_SET_RESULTS */;
/*!40101 SET @OLD_COLLATION_CONNECTION=@@COLLATION_CONNECTION */;
/*!50503 SET NAMES utf8 */;
/*!40103 SET @OLD_TIME_ZONE=@@TIME_ZONE */;
/*!40103 SET TIME_ZONE='+00:00' */;
/*!40014 SET @OLD_UNIQUE_CHECKS=@@UNIQUE_CHECKS, UNIQUE_CHECKS=0 */;
/*!40014 SET @OLD_FOREIGN_KEY_CHECKS=@@FOREIGN_KEY_CHECKS, FOREIGN_KEY_CHECKS=0 */;
/*!40101 SET @OLD_SQL_MODE=@@SQL_MODE, SQL_MODE='NO_AUTO_VALUE_ON_ZERO' */;
/*!40111 SET @OLD_SQL_NOTES=@@SQL_NOTES, SQL_NOTES=0 */;

--
-- Table structure for table `__migrationhistory`
--

DROP TABLE IF EXISTS `__migrationhistory`;
/*!40101 SET @saved_cs_client     = @@character_set_client */;
/*!50503 SET character_set_client = utf8mb4 */;
CREATE TABLE `__migrationhistory` (
  `MigrationId` varchar(150) NOT NULL,
  `ContextKey` varchar(300) NOT NULL,
  `Model` longblob NOT NULL,
  `ProductVersion` varchar(32) NOT NULL,
  PRIMARY KEY (`MigrationId`)
) ENGINE=InnoDB DEFAULT CHARSET=utf8mb4 COLLATE=utf8mb4_0900_ai_ci;
/*!40101 SET character_set_client = @saved_cs_client */;

--
-- Dumping data for table `__migrationhistory`
--

LOCK TABLES `__migrationhistory` WRITE;
/*!40000 ALTER TABLE `__migrationhistory` DISABLE KEYS */;
INSERT INTO `__migrationhistory` VALUES ('202302151211560_Initial','NewHotelManagement.Migrations.Configuration',_binary '\0\0\0\0\0\0\W\n\8\\?\\f6[v2cN*\v@K\1\.I\Ӧ\W\D\\||X&@fVCz68TcC\\ׯ\8YZ\\ɡ2Clmzɘ!\f(\F\\ \	\f秧\\\EH%WV$P|\\HRs9\1HS\MX[IyCz_\\+J\\IPrN	WJ[n\壁\fZ-\|Xrs.\rTn\\\ztz\<bb\r\\\\H*D\W@\&\k]9@\ٵ,\Gor$3\'#؃\r\<i\Q.mPAn3.O\}>\"7ʥ\\\'\n\\0\3BfW_`^SkS\6Ш\>O8\\𙄦N\\Z \\{n1\IE;,\t_U,Pl9J|\\>,-)K듊ɣءdz\>1W/\ZK\jN\*\\6\\Q\(ja<sǰ\0lɪ\L\\&\6\W\\-\^IQoHㅕCl\ \n<M1=k:!a9Fo\\4)1Xdzڵa\X¢\\n\42cnč\#\dKkcQ;MB\/U>f\t\I~CC\^bipɳ>\2OԾ\qZ\\}x\\\m[]y\:	򆣟]M\4֛\$\nvJ\Tp)B	\EĮz9p\ߑE\XfbƖu\ﳚ1<f?\QH\\yG%(V.\f\~\B\\#\uU\3.+ۅ[~c0b\BǸȕwZ\L\\\סGg\\\"^f`y1ʬ\\u\o\'.sW	\≺\m\+c ɍ7Tv\/&\\.u_\W4\0w\c.d\\)-|\AV\CŪA\\@*|cHA\{$f\T\]\\rbaU=K\O\f؃\\'\h\OJ\~S̾	\0\0','6.4.4'),('202302151214229_Second','NewHotelManagement.Migrations.Configuration',_binary '\0\0\0\0\0\0\X\r\8OU#xd\\TRd\'lW\䚂Ȗ\n0葾-ip\$J\N\\"\\}\0\J\\\8 }p\Z\,_!\޾ýµ;r)\S{܏VK3UHY\\\B\rs\"\r!}ǉ>D&ab:_\7^\\\t\|k2 \L \(S\"΅\\r@,äT4\\J\DrK&4\nW\zt|j=b\\'ڨ@<D@2\K\X\@ɜiH\G\[\5 \QY-XTw\La\3q\\&`s\D\h:k,\\m\"\\3,swr+\\Ц>m\=\3i\NsưNj\H\y@\Z\[OŮXx\3g\O W\\fiM+X\-\"9PT2q=\\}/|\ʝ\+%\VUT\\#kµ\Ҫ>Wee[>G]\l\q\"+\\taa\\qE煡\~f2&\Vpi\zq\\\\jl\lnnp\E6\˦\\wx3\\1PZ[\%\FKx͔`\0&A\kvK\z\>U\n5?S\s\"1\^V\"J\C&XcLHB94Aˎp^fĪ\\Ѫ\.K[j\v\\\\W|jh\GT\nmѮzNan%\ן9{\)w/[_Źy&\\{\\\\D\X|	\d\%\!\T\@\\_\'s\Ar 9\\onmLwL\\\&$].g\"]q\0&~Y\`Ѝ\\6y܋p\"\$,\:]Z\NAUaHmO@\\\"\\kݢB]`XI\r_2\\kN_H\\r\\Mb\\\h\r\B4.-.ݽJ67}\O\\\\.\*\a\5?eh^n)\(\\"\A	\7\cinޢ>b\0nND3\U\BcT\ \\"LEP\0\0','6.4.4'),('202302160448423_Third','NewHotelManagement.Migrations.Configuration',_binary '\0\0\0\0\0\0\Z\n\6\;:\(ٽl{Y\'i6\\"\.z[\\\JH6>Y}B3E\\\\N\\\"3~3~?=z9\\'\\AȖc7Wo\\ftD+\s9\\ZL\)\3\DDGp\\G\>9\;=\0U\qFw)a\>N8!)\<\0*eiunH\"&>\G.^Fǹ\ӐA3\!qI${IL&-g1 ~[*p\l3|G\'G\FT\BhKoyNvb/1\r\9v/$_>\tg>\\9\n\'\'w\LR*\\Rz\|L\4=ؘ\&\_}Lx\\\Bwd\ZWL\J\\]2\\ܠdN\	\0\"!Hv\Z@]\cB\\JonJ\\nŪ\*0+0\]皬~h\'Y\U|S\B,($Ԟ\<\,P\|4\D\;\\yjHJxt\i\rڀ/3&rw\'\\p[5\Z`6\\\{AMvM\v\5\\\\ҹ\`ۤ\e\\\\	\j\ls_\\8=ñC4\ǎ\\U[Z\n-Mt;\>pՆs!f\X^\n\\Ts\\\c\\n4h\~gEO}YL5F\p\e@ArKo\"|\Ɉa\ok\%{Z\\r2?	\!e\TFVә_. 8d\Q\'\r\TF\0\54\&Y@a~B`ڛ\zy}\\r+*\Zn\^@WQ(Ia@\]\\kX5uhx<-6RQkXJ\, x\\\\Z\0멕\&]F\\SQO\-u\\\\\Cʧz-\݄4}f͜ai\\84~U|\ZD\ด]Ko\\\i^Z\5c\4x\\rij=\:<_40\L\%b+l|ũ\ҫ0REpNT\6	\"kQ]ZR\* [s!|PCI.]J&s 	g $io&\$m\h\R=^]KQu%u<Uks\j\\=\rx\\\o\1\j\ǵ&}\\Z7G{]\\\\EQ\r^a4t\w-l.	=WC٫=\\G\>\Acm\\\0=ڴ׳\hkgNhu\E\0!s\}nj;/\\\"o[x\\0RR[[\k5v\DΜ\/E#x\\&\gΉ\W^8k\'e~\hGvN?b0\D\9\\}m~\\\a!/60M\'ם)h~x\\50/\0W=\r\&^\\r\:\ؼ\\\\uWmlft\\\ug|A\oc\0(atE,\!vW\̼/\o\\'fB9\"\\nT2k^/ˎaQ9\l@\0]<Od \\>\\g^\\!\TƩD!\\\r*_]g$u\\\m\)\\@3Ctnه4AeUCwעB\ŢTk)U\\Wn8_U\\!)*lFT3mK\K]IB\\>\2!(tl\1Dw@ط\I+\0\0','6.4.4'),('202302160847118_AutomaticMigration','NewHotelManagement.Migrations.Configuration',_binary '\0\0\0\0\0\0\Z\n\6\;:\(ٽl{Y\'inE]C\"U\\(d=\n\"g\\iK,q3\oÏ篿G\W!s\!T{|x\:}PZz\w \\9_\qo\q(\\ؽS*:<\\AH\aHXHP=\\я\\E]3I!d?\Dp\"v)`xofV犄 #\\ؽo?\p:̅\\\Q̀-\\p.Qh\\g	3E\u8nA\N=6*?J[*<~S\3\w\n[xV\\\,c(a	oNw2aq:#҇\uP\\8$1Dń89/1\d4\Z\\\O V\X\L\\)]ɚS޼v+4\T\\\2S\"CLR\\NȢk`LK\׭#\[G\\n\\n\s׹$\\$+׹+\\'\ϜbY@!\',W\.@YoeC\4ՐUyF\ZT_g\"\\r\5\\KP\m\\h\FK]n5\96Yۙ˗D\"wK皊=gmZ}.\L=BZm\Sy\+z_\A \\\3[9Ds|\-]Ş\\\Dw\\\\\TJ\\,(VI\<p\yl\%\Z \\r\Z?X/\(]\(p\Xm\Hv1lA	b\&ao,1(W6)iD\?\-kojd5\\"\),\;\>Ƕ\`_F\\$\0\4\LY\qY/\/C\\ZwETíxP\UeJ@\\\g1:=<\,ʾ	T\, xt\\\Z\0멕\&]F\\SQO\-u\\\΃\Cʧz-\݄4}f͜ai\\84>(>v-\\Sgp\\ʮʷ\r\\SISy-<\\Dvf\ZoU<qf9i5y5۞\	s/؜\\j&\66\\\h\J#8\'i\6	BkQ]ZR\* [\bCx\\(@/S\a0\&1T\\Sn\r]K\\Z\zv-E\֕4\\FT\\ZHECcp\Z8\\2\\G-\Ǽ\ז\ok\P\ӗr?\Zj\h\\.:Z\>]6\õ\F\}\\u\!\\\\k첣b\\2|\`\in\\\,\\'fj9F UN@o\\u\˹\\=^\4$ٖ\U6R\S<\\ȉ3h)\\\9r|\\\ЉsM\\\a/\\F}a\\\\\\'AL\Ɲ\i\=\O&x(}m\{!\;3;}\3\\3٠\B\0\\4O\\'7\c\g˅\dfz\s+W\]\\~iJ`fn1эl`47۲/gn\\͆#sl`1\/#\HܨH\\\\Z3\Qâr\m\"x\Z+ \\>H}by[p8`ʯ%\n]p\j.\k3\</\4p\?$\\r\].-l*me\Jӕ\\\-Ce\Hڈno\g	aIuIC+\_z\Gg,c\B\F\"p\_lm\. ,\0\0','6.4.4'),('202302160848038_Second1','NewHotelManagement.Migrations.Configuration',_binary '\0\0\0\0\0\0\Z\n\6\;:\(ٽl{Y\'inE]C\"U\\(d=\n\"g\\iK,q3\oÏ篿G\W!s\!T{|x\:}PZz\w \\9_\qo\q(\\ؽS*:<\\AH\aHXHP=\\я\\E]3I!d?\Dp\"v)`xofV犄 #\\ؽo?\p:̅\\\Q̀-\\p.Qh\\g	3E\u8nA\N=6*?J[*<~S\3\w\n[xV\\\,c(a	oNw2aq:#҇\uP\\8$1Dń89/1\d4\Z\\\O V\X\L\\)]ɚS޼v+4\T\\\2S\"CLR\\NȢk`LK\׭#\[G\\n\\n\s׹$\\$+׹+\\'\ϜbY@!\',W\.@YoeC\4ՐUyF\ZT_g\"\\r\5\\KP\m\\h\FK]n5\96Yۙ˗D\"wK皊=gmZ}.\L=BZm\Sy\+z_\A \\\3[9Ds|\-]Ş\\\Dw\\\\\TJ\\,(VI\<p\yl\%\Z \\r\Z?X/\(]\(p\Xm\Hv1lA	b\&ao,1(W6)iD\?\-kojd5\\"\),\;\>Ƕ\`_F\\$\0\4\LY\qY/\/C\\ZwETíxP\UeJ@\\\g1:=<\,ʾ	T\, xt\\\Z\0멕\&]F\\SQO\-u\\\΃\Cʧz-\݄4}f͜ai\\84>(>v-\\Sgp\\ʮʷ\r\\SISy-<\\Dvf\ZoU<qf9i5y5۞\	s/؜\\j&\66\\\h\J#8\'i\6	BkQ]ZR\* [\bCx\\(@/S\a0\&1T\\Sn\r]K\\Z\zv-E\֕4\\FT\\ZHECcp\Z8\\2\\G-\Ǽ\ז\ok\P\ӗr?\Zj\h\\.:Z\>]6\õ\F\}\\u\!\\\\k첣b\\2|\`\in\\\,\\'fj9F UN@o\\u\˹\\=^\4$ٖ\U6R\S<\\ȉ3h)\\\9r|\\\ЉsM\\\a/\\F}a\\\\\\'AL\Ɲ\i\=\O&x(}m\{!\;3;}\3\\3٠\B\0\\4O\\'7\c\g˅\dfz\s+W\]\\~iJ`fn1эl`47۲/gn\\͆#sl`1\/#\HܨH\\\\Z3\Qâr\m\"x\Z+ \\>H}by[p8`ʯ%\n]p\j.\k3\</\4p\?$\\r\].-l*me\Jӕ\\\-Ce\Hڈno\g	aIuIC+\_z\Gg,c\B\F\"p\_lm\. ,\0\0','6.4.4'),('202302160902194_second1','NewHotelManagement.Migrations.Configuration',_binary '\0\0\0\0\0\0\Z\n\6\;:\(ٽl{Y\'inE]C\"U\\(d=\n\"g\\iK,q3\oÏ篿G\W!s\!T{|x\:}PZz\w \\9_\qo\q(\\ؽS*:<\\AH\aHXHP=\\я\\E]3I!d?\Dp\"v)`xofV犄 #\\ؽo?\p:̅\\\Q̀-\\p.Qh\\g	3E\u8nA\N=6*?J[*<~S\3\w\n[xV\\\,c(a	oNw2aq:#҇\uP\\8$1Dń89/1\d4\Z\\\O V\X\L\\)]ɚS޼v+4\T\\\2S\"CLR\\NȢk`LK\׭#\[G\\n\\n\s׹$\\$+׹+\\'\ϜbY@!\',W\.@YoeC\4ՐUyF\ZT_g\"\\r\5\\KP\m\\h\FK]n5\96Yۙ˗D\"wK皊=gmZ}.\L=BZm\Sy\+z_\A \\\3[9Ds|\-]Ş\\\Dw\\\\\TJ\\,(VI\<p\yl\%\Z \\r\Z?X/\(]\(p\Xm\Hv1lA	b\&ao,1(W6)iD\?\-kojd5\\"\),\;\>Ƕ\`_F\\$\0\4\LY\qY/\/C\\ZwETíxP\UeJ@\\\g1:=<\,ʾ	T\, xt\\\Z\0멕\&]F\\SQO\-u\\\΃\Cʧz-\݄4}f͜ai\\84>(>v-\\Sgp\\ʮʷ\r\\SISy-<\\Dvf\ZoU<qf9i5y5۞\	s/؜\\j&\66\\\h\J#8\'i\6	BkQ]ZR\* [\bCx\\(@/S\a0\&1T\\Sn\r]K\\Z\zv-E\֕4\\FT\\ZHECcp\Z8\\2\\G-\Ǽ\ז\ok\P\ӗr?\Zj\h\\.:Z\>]6\õ\F\}\\u\!\\\\k첣b\\2|\`\in\\\,\\'fj9F UN@o\\u\˹\\=^\4$ٖ\U6R\S<\\ȉ3h)\\\9r|\\\ЉsM\\\a/\\F}a\\\\\\'AL\Ɲ\i\=\O&x(}m\{!\;3;}\3\\3٠\B\0\\4O\\'7\c\g˅\dfz\s+W\]\\~iJ`fn1эl`47۲/gn\\͆#sl`1\/#\HܨH\\\\Z3\Qâr\m\"x\Z+ \\>H}by[p8`ʯ%\n]p\j.\k3\</\4p\?$\\r\].-l*me\Jӕ\\\-Ce\Hڈno\g	aIuIC+\_z\Gg,c\B\F\"p\_lm\. ,\0\0','6.4.4'),('202302160907378_second1','NewHotelManagement.Migrations.Configuration',_binary '\0\0\0\0\0\0\Z\n\6\;:\(ٽl{Y\'inE]C\"U\\(d=\n\"g\\iK,q3\oÏ篿G\W!s\!T{|x\:}PZz\w \\9_\qo\q(\\ؽS*:<\\AH\aHXHP=\\я\\E]3I!d?\Dp\"v)`xofV犄 #\\ؽo?\p:̅\\\Q̀-\\p.Qh\\g	3E\u8nA\N=6*?J[*<~S\3\w\n[xV\\\,c(a	oNw2aq:#҇\uP\\8$1Dń89/1\d4\Z\\\O V\X\L\\)]ɚS޼v+4\T\\\2S\"CLR\\NȢk`LK\׭#\[G\\n\\n\s׹$\\$+׹+\\'\ϜbY@!\',W\.@YoeC\4ՐUyF\ZT_g\"\\r\5\\KP\m\\h\FK]n5\96Yۙ˗D\"wK皊=gmZ}.\L=BZm\Sy\+z_\A \\\3[9Ds|\-]Ş\\\Dw\\\\\TJ\\,(VI\<p\yl\%\Z \\r\Z?X/\(]\(p\Xm\Hv1lA	b\&ao,1(W6)iD\?\-kojd5\\"\),\;\>Ƕ\`_F\\$\0\4\LY\qY/\/C\\ZwETíxP\UeJ@\\\g1:=<\,ʾ	T\, xt\\\Z\0멕\&]F\\SQO\-u\\\΃\Cʧz-\݄4}f͜ai\\84>(>v-\\Sgp\\ʮʷ\r\\SISy-<\\Dvf\ZoU<qf9i5y5۞\	s/؜\\j&\66\\\h\J#8\'i\6	BkQ]ZR\* [\bCx\\(@/S\a0\&1T\\Sn\r]K\\Z\zv-E\֕4\\FT\\ZHECcp\Z8\\2\\G-\Ǽ\ז\ok\P\ӗr?\Zj\h\\.:Z\>]6\õ\F\}\\u\!\\\\k첣b\\2|\`\in\\\,\\'fj9F UN@o\\u\˹\\=^\4$ٖ\U6R\S<\\ȉ3h)\\\9r|\\\ЉsM\\\a/\\F}a\\\\\\'AL\Ɲ\i\=\O&x(}m\{!\;3;}\3\\3٠\B\0\\4O\\'7\c\g˅\dfz\s+W\]\\~iJ`fn1эl`47۲/gn\\͆#sl`1\/#\HܨH\\\\Z3\Qâr\m\"x\Z+ \\>H}by[p8`ʯ%\n]p\j.\k3\</\4p\?$\\r\].-l*me\Jӕ\\\-Ce\Hڈno\g	aIuIC+\_z\Gg,c\B\F\"p\_lm\. ,\0\0','6.4.4'),('202302160928018_second1','NewHotelManagement.Migrations.Configuration',_binary '\0\0\0\0\0\0\Z\n\6\;:\(ٽl{Y\'inE]C\"U\\(d=\n\"g\\iK,q3\oÏ篿G\W!s\!T{|x\:}PZz\w \\9_\qo\q(\\ؽS*:<\\AH\aHXHP=\\я\\E]3I!d?\Dp\"v)`xofV犄 #\\ؽo?\p:̅\\\Q̀-\\p.Qh\\g	3E\u8nA\N=6*?J[*<~S\3\w\n[xV\\\,c(a	oNw2aq:#҇\uP\\8$1Dń89/1\d4\Z\\\O V\X\L\\)]ɚS޼v+4\T\\\2S\"CLR\\NȢk`LK\׭#\[G\\n\\n\s׹$\\$+׹+\\'\ϜbY@!\',W\.@YoeC\4ՐUyF\ZT_g\"\\r\5\\KP\m\\h\FK]n5\96Yۙ˗D\"wK皊=gmZ}.\L=BZm\Sy\+z_\A \\\3[9Ds|\-]Ş\\\Dw\\\\\TJ\\,(VI\<p\yl\%\Z \\r\Z?X/\(]\(p\Xm\Hv1lA	b\&ao,1(W6)iD\?\-kojd5\\"\),\;\>Ƕ\`_F\\$\0\4\LY\qY/\/C\\ZwETíxP\UeJ@\\\g1:=<\,ʾ	T\, xt\\\Z\0멕\&]F\\SQO\-u\\\΃\Cʧz-\݄4}f͜ai\\84>(>v-\\Sgp\\ʮʷ\r\\SISy-<\\Dvf\ZoU<qf9i5y5۞\	s/؜\\j&\66\\\h\J#8\'i\6	BkQ]ZR\* [\bCx\\(@/S\a0\&1T\\Sn\r]K\\Z\zv-E\֕4\\FT\\ZHECcp\Z8\\2\\G-\Ǽ\ז\ok\P\ӗr?\Zj\h\\.:Z\>]6\õ\F\}\\u\!\\\\k첣b\\2|\`\in\\\,\\'fj9F UN@o\\u\˹\\=^\4$ٖ\U6R\S<\\ȉ3h)\\\9r|\\\ЉsM\\\a/\\F}a\\\\\\'AL\Ɲ\i\=\O&x(}m\{!\;3;}\3\\3٠\B\0\\4O\\'7\c\g˅\dfz\s+W\]\\~iJ`fn1эl`47۲/gn\\͆#sl`1\/#\HܨH\\\\Z3\Qâr\m\"x\Z+ \\>H}by[p8`ʯ%\n]p\j.\k3\</\4p\?$\\r\].-l*me\Jӕ\\\-Ce\Hڈno\g	aIuIC+\_z\Gg,c\B\F\"p\_lm\. ,\0\0','6.4.4'),('202302161002048_second1','NewHotelManagement.Migrations.Configuration',_binary '\0\0\0\0\0\0\Z\n\6\;:\(ٽl{Y\'inE]C\"U\\(d=\n\"g\\iK,q3\oÏ篿G\W!s\!T{|x\:}PZz\w \\9_\qo\q(\\ؽS*:<\\AH\aHXHP=\\я\\E]3I!d?\Dp\"v)`xofV犄 #\\ؽo?\p:̅\\\Q̀-\\p.Qh\\g	3E\u8nA\N=6*?J[*<~S\3\w\n[xV\\\,c(a	oNw2aq:#҇\uP\\8$1Dń89/1\d4\Z\\\O V\X\L\\)]ɚS޼v+4\T\\\2S\"CLR\\NȢk`LK\׭#\[G\\n\\n\s׹$\\$+׹+\\'\ϜbY@!\',W\.@YoeC\4ՐUyF\ZT_g\"\\r\5\\KP\m\\h\FK]n5\96Yۙ˗D\"wK皊=gmZ}.\L=BZm\Sy\+z_\A \\\3[9Ds|\-]Ş\\\Dw\\\\\TJ\\,(VI\<p\yl\%\Z \\r\Z?X/\(]\(p\Xm\Hv1lA	b\&ao,1(W6)iD\?\-kojd5\\"\),\;\>Ƕ\`_F\\$\0\4\LY\qY/\/C\\ZwETíxP\UeJ@\\\g1:=<\,ʾ	T\, xt\\\Z\0멕\&]F\\SQO\-u\\\΃\Cʧz-\݄4}f͜ai\\84>(>v-\\Sgp\\ʮʷ\r\\SISy-<\\Dvf\ZoU<qf9i5y5۞\	s/؜\\j&\66\\\h\J#8\'i\6	BkQ]ZR\* [\bCx\\(@/S\a0\&1T\\Sn\r]K\\Z\zv-E\֕4\\FT\\ZHECcp\Z8\\2\\G-\Ǽ\ז\ok\P\ӗr?\Zj\h\\.:Z\>]6\õ\F\}\\u\!\\\\k첣b\\2|\`\in\\\,\\'fj9F UN@o\\u\˹\\=^\4$ٖ\U6R\S<\\ȉ3h)\\\9r|\\\ЉsM\\\a/\\F}a\\\\\\'AL\Ɲ\i\=\O&x(}m\{!\;3;}\3\\3٠\B\0\\4O\\'7\c\g˅\dfz\s+W\]\\~iJ`fn1эl`47۲/gn\\͆#sl`1\/#\HܨH\\\\Z3\Qâr\m\"x\Z+ \\>H}by[p8`ʯ%\n]p\j.\k3\</\4p\?$\\r\].-l*me\Jӕ\\\-Ce\Hڈno\g	aIuIC+\_z\Gg,c\B\F\"p\_lm\. ,\0\0','6.4.4'),('202302210630007_Second2','NewHotelManagement.Migrations.Configuration',_binary '\0\0\0\0\0\0\Z\n\6\;:\(ٽl{Y\'inE]C\"UJ}H}g\\\\"X\|?\\ޯB\\C,\c\u\"|9vx\}\\F\Ar\\\vh\\ؽS*:<\\AH\aHXHP=\\я\\\"\nh\9܇H%]\0̟\Y\\\dD|W\\B$,!3#\9eC3`\!E{Y\Lł/g> \!l LB>u#:zG\\r(?J\C\\\[\-CA<\`=\4c(a	\\\d\bݴ#҇k\\\	\I8$1Dń89/p+~>\	c\\4<GbAn`ad\ZW5l\\\6̆:\\\k׹B7ȜA\\r#,3%b	8\DA(1N\4451r	1m\\g*p\%Y}Tw\\'Y\]AP<\a?siT2\\e\Zn\Jg\X\D\\([\-/b\V!\\\L$}]nI5\\lj4l|\\\Q#o;3\%\\|\\%\nĞɂMSi\\١\S\\\0\'ث@ރ3[E3~l\-b\\2\\2Lw\\\Nyu*i\ZZcK\<p\Yl)\Z$\\Z?\F\_$e\J\]\(pt,u19!\\'A=9	aXaK\\:)iDؐqX\\^\dٝ\\"\\CkET\\\n`_F\\\/\i\wH\z`򲚦_0/k\Bִ-+kS5܋g!eE\FĹ\y6׏a\T\\a9ߐembi\(\i@\0N\\rSIMXV\\K݈S幅c:ƆѶ b\\=S5\5\݄<;\a+3B-qxj|T|\\Oq)r5,/\n\kQF$23ԯ3ˤɫ\\bPaxlЄJo˞\Ē\z]4JGpNt\6	\Z3+,ѢZO\\vf6DjH\9\RۤHmƩI\Ĥ`I\;.bs0a\6v\1Q\jv<i yc}4a\O\H#Ϛ\6YDبll\ZV͙\c\ts2\\Ue\&\ͷH|\*U\l\\N)52t\}Xu&χ\F\}\M\\\}\گG\\U\L&!\H/ft\';L0VE$]T\\q믗s\IQ{:rۆ\ZXއ6\S<\ɉ35/N\\\9rz\e\Ў3Gu\\ab/\\Ze\\\\\>.uM	MS\\\4w{V\0\d\"l=X1\c\"o7\\K\$Jgǿ1)\\\"O\0^^\\uU_.&S\\n\\|]ղ\\z\f\\}wc/Ho`*2L\)\-\bT\\\lk\C0z\kO\9.\\O~em|!cyT4-P$!Ɗ.R<\-8C0\׉Cp\*Q\\\\W}]G\w^Iqp\?$\\r\]΋y	\R\RvP\"]	>(_\o!\k>#\ܷ\>\\?հ\(Y\$9\\\"p\?\,\0\0','6.4.4'),('202302210637022_Second2','NewHotelManagement.Migrations.Configuration',_binary '\0\0\0\0\0\0\Z\n\6\;:\(ٽl{Y\'inE]C\"UJ}H}g\\\\"X\|?\\ޯB\\C,\c\u\"|9vx\}\\F\Ar\\\vh\\ؽS*:<\\AH\aHXHP=\\я\\\"\nh\9܇H%]\0̟\Y\\\dD|W\\B$,!3#\9eC3`\!E{Y\Lł/g> \!l LB>u#:zG\\r(?J\C\\\[\-CA<\`=\4c(a	\\\d\bݴ#҇k\\\	\I8$1Dń89/p+~>\	c\\4<GbAn`ad\ZW5l\\\6̆:\\\k׹B7ȜA\\r#,3%b	8\DA(1N\4451r	1m\\g*p\%Y}Tw\\'Y\]AP<\a?siT2\\e\Zn\Jg\X\D\\([\-/b\V!\\\L$}]nI5\\lj4l|\\\Q#o;3\%\\|\\%\nĞɂMSi\\١\S\\\0\'ث@ރ3[E3~l\-b\\2\\2Lw\\\Nyu*i\ZZcK\<p\Yl)\Z$\\Z?\F\_$e\J\]\(pt,u19!\\'A=9	aXaK\\:)iDؐqX\\^\dٝ\\"\\CkET\\\n`_F\\\/\i\wH\z`򲚦_0/k\Bִ-+kS5܋g!eE\FĹ\y6׏a\T\\a9ߐembi\(\i@\0N\\rSIMXV\\K݈S幅c:ƆѶ b\\=S5\5\݄<;\a+3B-qxj|T|\\Oq)r5,/\n\kQF$23ԯ3ˤɫ\\bPaxlЄJo˞\Ē\z]4JGpNt\6	\Z3+,ѢZO\\vf6DjH\9\RۤHmƩI\Ĥ`I\;.bs0a\6v\1Q\jv<i yc}4a\O\H#Ϛ\6YDبll\ZV͙\c\ts2\\Ue\&\ͷH|\*U\l\\N)52t\}Xu&χ\F\}\M\\\}\گG\\U\L&!\H/ft\';L0VE$]T\\q믗s\IQ{:rۆ\ZXއ6\S<\ɉ35/N\\\9rz\e\Ў3Gu\\ab/\\Ze\\\\\>.uM	MS\\\4w{V\0\d\"l=X1\c\"o7\\K\$Jgǿ1)\\\"O\0^^\\uU_.&S\\n\\|]ղ\\z\f\\}wc/Ho`*2L\)\-\bT\\\lk\C0z\kO\9.\\O~em|!cyT4-P$!Ɗ.R<\-8C0\׉Cp\*Q\\\\W}]G\w^Iqp\?$\\r\]΋y	\R\RvP\"]	>(_\o!\k>#\ܷ\>\\?հ\(Y\$9\\\"p\?\,\0\0','6.4.4'),('202302210642598_AutomaticMigration','NewHotelManagement.Migrations.Configuration',_binary '\0\0\0\0\0\0\Z\n\6\;:\(ٽl{Y\'inE]C\"U\\(d=\n\"g\\iK,q3\oÏ篿G\W!s\!T{|x\:}PZz\w \\9_\qo\q(\\ؽS*:<\\AH\aHXHP=\\я\\E]3I!d?\Dp\"v)`xofV犄 #\\ؽo?\p:̅\\\Q̀-\\p.Qh\\g	3E\u8nA\N=6*?J[*<~S\3\w\n[xV\\\,c(a	oNw2aq:#҇\uP\\8$1Dń89/1\d4\Z\\\O V\X\L\\)]ɚS޼v+4\T\\\2S\"CLR\\NȢk`LK\׭#\[G\\n\\n\s׹$\\$+׹+\\'\ϜbY@!\',W\.@YoeC\4ՐUyF\ZT_g\"\\r\5\\KP\m\\h\FK]n5\96Yۙ˗D\"wK皊=gmZ}.\L=BZm\Sy\+z_\A \\\3[9Ds|\-]Ş\\\Dw\\\\\TJ\\,(VI\<p\yl\%\Z \\r\Z?X/\(]\(p\Xm\Hv1lA	b\&ao,1(W6)iD\?\-kojd5\\"\),\;\>Ƕ\`_F\\$\0\4\LY\qY/\/C\\ZwETíxP\UeJ@\\\g1:=<\,ʾ	T\, xt\\\Z\0멕\&]F\\SQO\-u\\\΃\Cʧz-\݄4}f͜ai\\84>(>v-\\Sgp\\ʮʷ\r\\SISy-<\\Dvf\ZoU<qf9i5y5۞\	s/؜\\j&\66\\\h\J#8\'i\6	BkQ]ZR\* [\bCx\\(@/S\a0\&1T\\Sn\r]K\\Z\zv-E\֕4\\FT\\ZHECcp\Z8\\2\\G-\Ǽ\ז\ok\P\ӗr?\Zj\h\\.:Z\>]6\õ\F\}\\u\!\\\\k첣b\\2|\`\in\\\,\\'fj9F UN@o\\u\˹\\=^\4$ٖ\U6R\S<\\ȉ3h)\\\9r|\\\ЉsM\\\a/\\F}a\\\\\\'AL\Ɲ\i\=\O&x(}m\{!\;3;}\3\\3٠\B\0\\4O\\'7\c\g˅\dfz\s+W\]\\~iJ`fn1эl`47۲/gn\\͆#sl`1\/#\HܨH\\\\Z3\Qâr\m\"x\Z+ \\>H}by[p8`ʯ%\n]p\j.\k3\</\4p\?$\\r\].-l*me\Jӕ\\\-Ce\Hڈno\g	aIuIC+\_z\Gg,c\B\F\"p\_lm\. ,\0\0','6.4.4'),('202302210643360_Second1','NewHotelManagement.Migrations.Configuration',_binary '\0\0\0\0\0\0\Z\n\6\;:\(ٽl{Y\'inE]C\"UJ}H}g\\\\"X\|?\\ޯB\\C,\c\u\"|9vx\}\\F\Ar\\\vh\\ؽS*:<\\AH\aHXHP=\\я\\\"\nh\9܇H%]\0̟\Y\\\dD|W\\B$,!3#\9eC3`\!E{Y\Lł/g> \!l LB>u#:zG\\r(?J\C\\\[\-CA<\`=\4c(a	\\\d\bݴ#҇k\\\	\I8$1Dń89/p+~>\	c\\4<GbAn`ad\ZW5l\\\6̆:\\\k׹B7ȜA\\r#,3%b	8\DA(1N\4451r	1m\\g*p\%Y}Tw\\'Y\]AP<\a?siT2\\e\Zn\Jg\X\D\\([\-/b\V!\\\L$}]nI5\\lj4l|\\\Q#o;3\%\\|\\%\nĞɂMSi\\١\S\\\0\'ث@ރ3[E3~l\-b\\2\\2Lw\\\Nyu*i\ZZcK\<p\Yl)\Z$\\Z?\F\_$e\J\]\(pt,u19!\\'A=9	aXaK\\:)iDؐqX\\^\dٝ\\"\\CkET\\\n`_F\\\/\i\wH\z`򲚦_0/k\Bִ-+kS5܋g!eE\FĹ\y6׏a\T\\a9ߐembi\(\i@\0N\\rSIMXV\\K݈S幅c:ƆѶ b\\=S5\5\݄<;\a+3B-qxj|T|\\Oq)r5,/\n\kQF$23ԯ3ˤɫ\\bPaxlЄJo˞\Ē\z]4JGpNt\6	\Z3+,ѢZO\\vf6DjH\9\RۤHmƩI\Ĥ`I\;.bs0a\6v\1Q\jv<i yc}4a\O\H#Ϛ\6YDبll\ZV͙\c\ts2\\Ue\&\ͷH|\*U\l\\N)52t\}Xu&χ\F\}\M\\\}\گG\\U\L&!\H/ft\';L0VE$]T\\q믗s\IQ{:rۆ\ZXއ6\S<\ɉ35/N\\\9rz\e\Ў3Gu\\ab/\\Ze\\\\\>.uM	MS\\\4w{V\0\d\"l=X1\c\"o7\\K\$Jgǿ1)\\\"O\0^^\\uU_.&S\\n\\|]ղ\\z\f\\}wc/Ho`*2L\)\-\bT\\\lk\C0z\kO\9.\\O~em|!cyT4-P$!Ɗ.R<\-8C0\׉Cp\*Q\\\\W}]G\w^Iqp\?$\\r\]΋y	\R\RvP\"]	>(_\o!\k>#\ܷ\>\\?հ\(Y\$9\\\"p\?\,\0\0','6.4.4'),('202302230815018_Second2','NewHotelManagement.Migrations.Configuration',_binary '\0\0\0\0\0\0\Z\n\F}/\ X8\Vh|\}V\H^t\r_և~RiJe7E\\\\\\\\*d\Ē\n>v\\/ʗc7QWo\\nt+\s\^\\\{ϓ=Dԏu\\#^\{*\\\\8ۄ+\ZBN!R	a\"\0&\xgjuH2\">\+\g]NW\2JР\΅\"\n\=$ab/v\0\-qY>ԣ\\#o#XD\\7y<[|@e1\l\^gD/	K\}{	ҎHn\\'\'w\L\v\\$sF_`}\'~>\	c\h4ޫ\\K7 V\[XL\-]\ڂS޼v+4\\0\2S\"CL7D)1\\0\\\L6\\%\֡em\֑g=SϹ\\\\G\Kuv\\\\ŕ\\\\'N,\]\Wa[\]\Yi\nK\=\n\\"\`\D\Fѵ\\KP\m\2=Tca\.C7\y\Y.D<\^\V**.(ض4Ş\#\-k}Z?D\=zc+hexfl\v[h\;UN>Mfq\gP\\|VtO#L7\Z4vEO}QL\rV\p\\\g@ϖ\'D$F[PXX0%rU&\>\%e\\F\\w\ 8$]C\(\r\VV\0\5\\NC~D`֛\jy}1\vWT\R5܊2(P\܀ߝ\eX5Mh7RkXZ\4 \)\\rRtYuO]\Z\F=U[z`V}lx.0\v>@عړJQagh2\Ѷ\l5ۅ\8ij)\K\Wŧ^\\bj)\ۆ{2 jtI\'*ʯ8mOℙϗ\r\\NimN8\n[wqk\R\Ή\&AX[fU#ZlV+ \g\gbCX+@/L\0X@jNyD\H\FMKB\I)u\)ak)\SK\,Ԯ%/ڦ\:ޥc<h\\\k\ZyV~jmڰQ\ Z\q`X\W\#G-\f2\\5k\ewEP\=\\P:v@C|wIc\\UGy}\٫u]{I{\}.;\;^Z̖\]gNMg\b.@8r\\_M/\ŏ\'ey\W.T\ڒɬeT\Vc\T\ę\u>q\\Ѝ3ڸ>	\7Zvy]\H\o{7|*IP\\\7b\'2~.{\Z&\\',\0;$\\kx>\9zgr\'o\q\,|U\tt=\@\pNr8\n0\Js\M0\ry:X\\_\\ZbZf[\bh\\l6<w\\-\\+z\H9.7*G\y/\LBeǲXbJH.Ɗ.R_^c\LuD\\Y\{]O)ͣ\( \1\\@3)\0\CBYP\}\0ݵ\u1>u.B\Rӕ\\\+\Ceψ混퓄$`!ڕ\'\Z\%˘2ױǟ\ \\7,\0\0','6.4.4'),('202302230817021_AddedIsActiveColumnInModuleMaster','NewHotelManagement.Migrations.Configuration',_binary '\0\0\0\0\0\0\Z\n\6\;:\(ٽl{Y\'i6\\"\.z[\\\!JH6>Y}B3E\qvK,q3Ï3Ï\G\W!s\!T{|x\:}PZz\w \\9qo8\r\\)x\ $0~,XC_	\\G\\T\.\\$\\\\s\"J0?\7TsEBa\^?\p:̄\\\Q̀-\\p.Qh\\\'	3E\u8nA܍\\yBH%\-\C\\\;\-CA<\`:\r\\=#|LX\\ӝLXvDp#\\G8A8\g0\0搨\c2g\ַ\w\c0fF\\|1\j}ӑi\:^UسKY[0su\՛׮sf9FXfJ\p\#Q\nb\\\i\0itk&Xb\}u\в6w\\W=S\\\կ\\$+׹+\'\ObZ@!\'L婯\^{L\m\;g)\w4\6\/\ȋX7U\0o2I\kEר[/A\r5[\\Z--\w\d\\\\ΌpI$\9zPQ\``\\`\>Wv(\Կasn\\A \\\3[D3|\-SŞel\me>o\y\ZR\Pu*i\ZZc&A\<pU,2\!B\A\j/R\J\]~\(pt$u+9!\\'A=	a\_K\:)iD\?,\-36\~sp\r\!\5ĎW\PNe/^#\\`hn\0\4TGfU0qYM\/575i\\\R\r\Y@eQQ(qn@Z5\\1<<*\\X\I\V;e =\r75VT\b.+oKݨsK̪\rcl\1\^\5\Z\\Zv!Cm{\Vð]\\8<5>(>\\h@\\]K\6QX\\p]KEؗ\Węe\\\\l{*(\txl`Jk˙\Ć\zS4JGpNt\6	\\0+l\bZ/\\w&6jHɹRˤ6ᔍ$\mT\D$\\T8j\\nF\1B\Zm*i\\]:6ݿfi\Y\S+5HԚ*\A\ʆ\j\=mA7_[v|lҗA׀GBC\\\r\\)fOW	\m)g/\UGy\\\l\`\i\\zK+\a\Ѵ\-F \ʈ,\\~(Oʀ\r\\\\%۶d>Z\o5vJEN\oysz\\\Ǹ\\'ΑNI=h\\|47Zv>J\$2\\j\IP\tд;s!\\\왋\$x(nq1{aN;ӥ;Q}3p\\nqs{a_\0z\\nOOn\\vꧪ뤪~|\s+e\]\~&i~\.wG\\8\\\@zkDq\2һq5X\rn~\]o|\9G\\F_\\\)_\"\XC\f	\\\X\A\k\k,\)NT(t\9|C\W\)_yty=h&E\H(J/\Z:/\^K;\\\t%@Ey\t~a\P\3\\m$\WX]0\J\Z\%˘2ױǟ\ \\x\,\0\0','6.4.4'),('202302240501250_Second3','NewHotelManagement.Migrations.Configuration',_binary '\0\0\0\0\0\0\Z\n\6}/\Xddeػ\:Ikt,\\oZ\Z;D)R\F\/\C?\\\\E^bs8\F\W!s\!T{|x\:}PZz\w \\9_\vo\vh\\ؽS*:<\\AH\aHXHP=\\я\\\"\nh\9܇H%]\0,\Y\\\dD|W\\B$,!s#\9eC3`\!E{Y\Lł/g> \v[&\ɦ\NG\mK(?J[)B\\;ڭBA<\`u:\,c(a	\\\d\\iG7\\\	\);p&	SIc	;p>%sF_`}+~>\	c\\4=GbA\7\2\r\\ǫ{uek\Z\Cr\\\\dΠ\1b Dv\Z@]\C\\ nԶ\\nb\s\\\]璬>_;\\炮 (9ŴF*Nz{\S_\m\{E\\2w\2fe3v,k\"\h/v_o^ku&\O}]nI5\\|5lz\\\Q#o;3\%\\bԻ%\ZĞ΂mSn\\١\3s˜`\YFx\pn\\#t=sK[\RK3}\}\ejk*ϨiÜ;\'6pm$=R4U\{Hݳs86<\|GF\9\^7vc\d5?\ntb\\tBO{0lA	.\0S\\\%EW\>2\x\D:Yug9xBL\?\\\\\`_F\\\d\i( v\_0/aC\++\Z\ų2Ϣh\\l>a\T6\ɻ\\e\Jag4g\&q70\\"h\\sGf}\rm\Ɯ\{R5z-\݄4<3\暭ai+3B-qxj|P|\\\d\ดUK\6+br\HgKEX\iRZę\:\\\l{e)\1<_6LUOXb}nŮ\\\ZKFpNҚmV3#,Ѳ3+\W\\$?7\"u5\\G\dHmƙI۔`I\;u.rs\a\6v\\Q\jv\"i\ ycs\a6Omg̏MZ:\Q\ȆC\~={\ۂoPzػ\~4ڄIQ\ĆZձ\SEb\f)yЎd\ruH\3s̪\r\&U\U`\b_\k6꼉\`\\inҗ\\\,\%\'fu\\K UoӋ\\=\˹3\\=\V\4\2[6\LL\Zf&\'\ע=pc\\\끷ZC;έ\q\*	\]n2I7o߳q$kh\\i.1|m	\I&Ql!\\*\^d&ag]w\'\\(\"7&\\"\^dC\ӫ\\V\5r\:5\\\\\\uWͽ_ro\GHn\\\\'\7\\067\4iK\n\\7\f\\\\\\BԸ\O\\1\H\@rk\j3\QãY\"4VtA|}2\#5n\)NT(2sVv$M_]g7\ruG\Qq\cݤ8\ʂ\\\"͋E9ΥJ\\\B| P*\Buy\g$-j\$E\A\'\%˘\\\O\p\\@\-\0\0','6.4.4'),('202302240511567_AddColumnModuleHrefinModuleMAster','NewHotelManagement.Migrations.Configuration',_binary '\0\0\0\0\0\0\Z\n\6\;:\(ٽl{Y\'\\ZmE]#\"UJm}H}gԟ8I\g83\3\F\Wu\!!gc\u<\r\r\\ߍ΃h\|)׽Q됒{\'e|\y¿\(.B<H\GG?z\\ y9\\&e2 ?\'˔\K\0\s|3˸:W$\\K%D\aN\:4$(\\\uc\\\|0	g\Y]ǀ\\n(\8\,\\k!,Y<ڒ\\DI\ʄh\s4\\+3C\3\"\\/\Ʉ&ji7\\	\I8\41T&8\9\ra}\6f)\(4=GC\"\7\\Չ=5	sULy\:W(Se&y?H>)!Y\\-R\ۯ헹Gq\9\ns׹$_-\\IVs (l?\\$\\e*N}\o\\r~\4CVvb7@%\.sg\U_y\\\Z\_g<M|%#\ZuK%\\\\'=@Tma\.A7\y\\D w\n5\tl\Ztڧ\\\#8\1\QFX\\\!\cGl\,[\n-i\\\nk*\BSǆ1wN\\r1ž\r\\ Bp?\Nת\UW\Πd\T\5zC#Qe>ev\\9ñkz\5;\n\nUOI`-?A\D\P*t\I\SC\1C0L\"J\j;\\w9!re-Ca>{<\r^\P<\"0\G\e=߼`\\ZjCk\\Q\r\I@GQHI!@V\0\\cX5x\/*QkX\\ \u6@\|ja7\en\SǹG3f]ǆFeМT\TIH\gZ\ٺ3\ij	\C\\c\B\<%zۥZ*\4㼼Wv\\\\1VTZx\\\\\lV|\\ܪv²\\[\\Z%!\D\l ѥ\E\ͬ\0b\\\%?\'\fk\\R\d\n6⬱J(IںbNӈuغ\AgӖ0ڹuΥj\RmIc\ⱹ\\l6OmN#\8+MZ:\AЈ\z\=mF\n[~n◿AQ\GBC\\\r\\!\CG1\\\F|8h\du:\,\\ꜷ=l\OX\0TWQY,\?5\~\u\LaR\z;\r\aY}^@W d\=tߪhm\r<|ƹ[\\\ܩ\W\ºN\Zf$\'\ע>p<\\\\\Tڸ6ԣ-+\.3LG\0W\0\1\\\F8MGS\|\9\\8\ {\0{9~\b3{|1P}M#nֳ\\";7wj\ݑ`\\\_\0zn[?v[\_\\g?\'\`\\\\0д[Oy^PyG\Ԡq\4Xh4`C[iX\j\4fC\\\b:`\\\\\~1\paf\\Z3e^CrY($x\pA|}\"\#\\ZSp4`ʮSUhNkԨյ6\</C3D\}HC\ZTr_4Tw-,T\\,*kuRU\\u\銳\nU\\",i%k6#>\^\~%\eIA\\>:\2!(xl\\'b8V\P\.\0\0','6.4.4'),('202302240522403_DeleteColumnFromModuleMasterHref','NewHotelManagement.Migrations.Configuration',_binary '\0\0\0\0\0\0\Z\n\6}/\Xddeػ\:Ikt,\\oZ\Z;D)R\F\/\C?\\\\E^bs8\F\W!s\!T{|x\:}PZz\w \\9_\vo\vh\\ؽS*:<\\AH\aHXHP=\\я\\\"\nh\9܇H%]\0,\Y\\\dD|W\\B$,!s#\9eC3`\!E{Y\Lł/g> \v[&\ɦ\NG\mK(?J[)B\\;ڭBA<\`u:\,c(a	\\\d\\iG7\\\	\);p&	SIc	;p>%sF_`}+~>\	c\\4=GbA\7\2\r\\ǫ{uek\Z\Cr\\\\dΠ\1b Dv\Z@]\C\\ nԶ\\nb\s\\\]璬>_;\\炮 (9ŴF*Nz{\S_\m\{E\\2w\2fe3v,k\"\h/v_o^ku&\O}]nI5\\|5lz\\\Q#o;3\%\\bԻ%\ZĞ΂mSn\\١\3s˜`\YFx\pn\\#t=sK[\RK3}\}\ejk*ϨiÜ;\'6pm$=R4U\{Hݳs86<\|GF\9\^7vc\d5?\ntb\\tBO{0lA	.\0S\\\%EW\>2\x\D:Yug9xBL\?\\\\\`_F\\\d\i( v\_0/aC\++\Z\ų2Ϣh\\l>a\T6\ɻ\\e\Jag4g\&q70\\"h\\sGf}\rm\Ɯ\{R5z-\݄4<3\暭ai+3B-qxj|P|\\\d\ดUK\6+br\HgKEX\iRZę\:\\\l{e)\1<_6LUOXb}nŮ\\\ZKFpNҚmV3#,Ѳ3+\W\\$?7\"u5\\G\dHmƙI۔`I\;u.rs\a\6v\\Q\jv\"i\ ycs\a6Omg̏MZ:\Q\ȆC\~={\ۂoPzػ\~4ڄIQ\ĆZձ\SEb\f)yЎd\ruH\3s̪\r\&U\U`\b_\k6꼉\`\\inҗ\\\,\%\'fu\\K UoӋ\\=\˹3\\=\V\4\2[6\LL\Zf&\'\ע=pc\\\끷ZC;έ\q\*	\]n2I7o߳q$kh\\i.1|m	\I&Ql!\\*\^d&ag]w\'\\(\"7&\\"\^dC\ӫ\\V\5r\:5\\\\\\uWͽ_ro\GHn\\\\'\7\\067\4iK\n\\7\f\\\\\\BԸ\O\\1\H\@rk\j3\QãY\"4VtA|}2\#5n\)NT(2sVv$M_]g7\ruG\Qq\cݤ8\ʂ\\\"͋E9ΥJ\\\B| P*\Buy\g$-j\$E\A\'\%˘\\\O\p\\@\-\0\0','6.4.4'),('202302241010177_AddColumnInModuleMasterAsHref','NewHotelManagement.Migrations.Configuration',_binary '\0\0\0\0\0\0\Z\n\6\;:\(ٽl{Y\'\\ZmE]#\"UJm}H}gԟ8I\g83\3\F\Wu\!!gc\u<\r\r\\ߍ΃h\|)׽Q됒{\'e|\y¿\(.B<H\GG?z\\ y9\\&e2 ?\'˔\K\0\s|3˸:W$\\K%D\aN\:4$(\\\uc\\\|0	g\Y]ǀ\\n(\8\,\\k!,Y<ڒ\\DI\ʄh\s4\\+3C\3\"\\/\Ʉ&ji7\\	\I8\41T&8\9\ra}\6f)\(4=GC\"\7\\Չ=5	sULy\:W(Se&y?H>)!Y\\-R\ۯ헹Gq\9\ns׹$_-\\IVs (l?\\$\\e*N}\o\\r~\4CVvb7@%\.sg\U_y\\\Z\_g<M|%#\ZuK%\\\\'=@Tma\.A7\y\\D w\n5\tl\Ztڧ\\\#8\1\QFX\\\!\cGl\,[\n-i\\\nk*\BSǆ1wN+\\c}[\CN\~U\	\9A\,שlP9t0F@\\ؗ\Eco$Ǯ\J\\(Hp*TY<!\\'}bhxB ПC&mW\rƄ\\ \2(!\\7gS\9丆\Q\}\V\54\&|\rNC\qi1	hWTZG5\\\'eEF\"$\0Yp6Wa\T⵿(-DM`)3\Z\3\\\\Z\0\&^F\\cO\͘unJ\\\+y\CsRS\\v&!im\g\f\\DuZ%0u\ljmӍv\\ٶZvK\XQi}\3˛xW\\ZQ\\ECw\	\foqk\"LTUM\ZfD-7}p\$\lH!$.PKE)ڈ\*$ikM8M#\\d\\S&M[\h\R\=:ZKu&q\\&\<9<\|4iA\*6\ A#\Z>\j{$з]OPٻ\~nU_\[E	\rc4t\w\p/	}⠝\ꨳ^os\h`\1k\\Z\j\0jQ\V\ϗ\Z\>Tҿ\\\~Y\=\\0\\\\\\[5\r_\\0\\"\8z{;5j[X\\)\QWcό\ęZ\\ug}\9=pD7t\\A\\ze~)\p\el\HC\Z\9F:{A]\\(vj\9\<d`/\\[\0va\0ܾFC\YFM{\;uIO0`\\	FYZ/\0W=O\\\/ߟ_\n0\xyt\u\?hڭ\\<2opи\-4\Z4_nu\[\L\ZOT\o1 /\\ڷsDܰP_3k^/Î!QĬ@\0U<Md \\>}\i)8C0eשS*C4jT\\?\e]\\W\np\>!\r*/\Z*.:KJ\\\t\\@Fp~ִ\5U o/\g\\\Τ \fdH<61DwhA/\0\0','6.4.4'),('202303020740313_NewAdminTableAdded','NewHotelManagement.Migrations.Configuration',_binary '\0\0\0\0\0\0\Z\n\6\;:\(ٽl{Y\'\\ZmE]#\"UJm}H}gԟ8I\g83\3\F\Wu\!!gc\u<\r\r\\ߍ΃h\|)׽Q됒{\'e|\y¿\(.B<H\GG?z\\ y9\\&e2 ?\'˔\K\0\s|3˸:W$\\K%D\aN\:4$(\\\uc\\\|0	g\Y]ǀ\\n(\8\,\\k!,Y<ڒ\\DI\ʄh\s4\\+3C\3\"\\/\Ʉ&ji7\\	\I8\41T&8\9\ra}\6f)\(4=GC\"\7\\Չ=5	sULy\:W(Se&y?H>)!Y\\-R\ۯ헹Gq\9\ns׹$_-\\IVs (l?\\$\\e*N}\o\\r~\4CVvb7@%\.sg\U_y\\\Z\_g<M|%#\ZuK%\\\\'=@Tma\.A7\y\\D w\n5\tl\Ztڧ\\\#8\1\QFX\\\!\cGl\,[\n-i\\\nk*\BSǆ1wN+\\c}[\CN\~U\	\9A\,שlP9t0F@\\ؗ\Eco$Ǯ\J\\(Hp*TY<!\\'}bhxB ПC&mW\rƄ\\ \2(!\\7gS\9丆\Q\}\V\54\&|\rNC\qi1	hWTZG5\\\'eEF\"$\0Yp6Wa\T⵿(-DM`)3\Z\3\\\\Z\0\&^F\\cO\͘unJ\\\+y\CsRS\\v&!im\g\f\\DuZ%0u\ljmӍv\\ٶZvK\XQi}\3˛xW\\ZQ\\ECw\	\foqk\"LTUM\ZfD-7}p\$\lH!$.PKE)ڈ\*$ikM8M#\\d\\S&M[\h\R\=:ZKu&q\\&\<9<\|4iA\*6\ A#\Z>\j{$з]OPٻ\~nU_\[E	\rc4t\w\p/	}⠝\ꨳ^os\h`\1k\\Z\j\0jQ\V\ϗ\Z\>Tҿ\\\~Y\=\\0\\\\\\[5\r_\\0\\"\8z{;5j[X\\)\QWcό\ęZ\\ug}\9=pD7t\\A\\ze~)\p\el\HC\Z\9F:{A]\\(vj\9\<d`/\\[\0va\0ܾFC\YFM{\;uIO0`\\	FYZ/\0W=O\\\/ߟ_\n0\xyt\u\?hڭ\\<2opи\-4\Z4_nu\[\L\ZOT\o1 /\\ڷsDܰP_3k^/Î!QĬ@\0U<Md \\>}\i)8C0eשS*C4jT\\?\e]\\W\np\>!\r*/\Z*.:KJ\\\t\\@Fp~ִ\5U o/\g\\\Τ \fdH<61DwhA/\0\0','6.4.4'),('202303020834095_AddedAdminTable','NewHotelManagement.Migrations.Configuration',_binary '\0\0\0\0\0\0\[\r\6w\\\vrI=R2l7\?c9\29A\0y:}H}.\hIv2\ \ba\E\\\u@}|xd[\\\rl\b\ݏ?ν`m}\P}/\\\q{ᇁ\F!\\\rx\\g\\˲F1~\0\\$d.DL\e\\Y;~%\	c\n~\K\\`\0S\Thta[P\|\0QȖ6z\ C6{\3rJʍ\r\d&r\\m&D#ţubȱ}\>;#\V}	dOO#\C)~X\0Xz/H+\\T\\\"\"\\wǻ`cS\\J6\D\\n\"xlB\\Գ-*\ԅњ\\:\)o^\\*A\\n(֙0_ADx7Dp$6\40\'\#\"-q\\%Yl)\\6\r^ޒi/QHD1\p5>姮\\*\\)y\\fɿ/	zmD\\o\\\D!4.\c\\L7ZMC\v\܎\}\"\y𗉹kx\4aVb@.\_G\\/jϋ(nCZ!\\\,#W\#\D]ӕ\ѨiMѲI\\\p\s6\aN\~AeAݗw\\|[?\2¶u\dM1[*\3sKٶRK\\2x5\Ě3(eC;\'\\\5b\i\!,Xu\̳zf霪\rN\\r\n\43u\ǋ_;4#\t\΀\0KB^&\\W\\U[pA$	O(\|9\g	}\WGMx\SD*YWr+`r{Y>z\qC1T̀]\Z9\n{St_=c^HL=\QyY=p^0/iC\4\R\b/L(\(S \0\\֦/Yh3w]\'Ps<ܶJIIhܬB\NMM0*\;p*ՄUs]p\Zq[Gu˖ҷVVK\cS\\\Zc\n^\\m_5\f&R6k\Z|k\$\\T5OΞ\v\b˖\i\'\O\yl!=$eJb;kfiV{jy7H1ҽ\Hz\FM/i9a\\n5հE*>H_|\\\\\T\T-ݡg88A)\EoM!5<	i4sJz]㤭!	\:Z?byQ\\Vi\\\\j1G(hx\PI96\Rpj\toN0MK3J(MQy3Jv \p\r㛡`\P\\ra\\L\o2\Z\fo v\^\{$EJl\r\u\0\\\]FkY\}<hFҒnUH\s\2p\Y-dw)F/B\Z:\\\\Zv-4ԃ\\\q\'M_$?\'\O.zy\HS\[\\<p8h\\\y\\K\v\\<!PS\4d\4Y\id\[X0`%U\\\ZVJ:e\_ȉ5=XX\n\\\URO\ZTĶ!/H`\9\;a0?C\"\\\fYu`\'ѽ)L\re\!`h\\\\YKp?K\є*\\\\ZT*\\\fU(kg\Z\0^uܜw_t6jzЦT\n۪\}ol{\=\g\b2\h2\Z\.BF\(\\*W\ZG|AM\r\~U:\װ/^i\\MC\m_\ߠ,\rз(=%9܊W)L\\"̝[MK=A<\i$q~v\Z2k<\9xSvU,p\\i\5tm\\'תΣ\U\\yS@5}\\OB\C\\0!o˵2_>HW!\	84\ \Y\0f3\"\\u\\7X1\\5t/D\\3,#\?\^~?\\.̉6\0\0','6.4.4'),('202303020841396_RemoveAdminTable','NewHotelManagement.Migrations.Configuration',_binary '\0\0\0\0\0\0\[\n\F\;<i\'Ԑ8\\rނ9].Y\ҕP\z\#:\?-%\\r|ȝ\vfvF\F\W>!4\cĶGrl\r\\ߍ.=e}\׽Q됒 ex\8\}\0cQ <v\!^\>9\9=u\0Y\\˲Fw1ԇ\~܅PƄ]0=\7uC|!qal\	\p<Nl\Q̀-lpH\"Qܳ\f2\nr\\\\!\a25\6\jtZi\lsVn,d\dx&3S%\\\vaB4\%\Z[։!\\S~A$\ng>\07Nq\\2xAX#k3G0\ˈ#\S<g\\o\<fL\w\S\,2\\\Գ-L\T\\n]\7m\ sB4\\dO!\"ODJ\S%9˷CY\\b\\!dG!Z.fе_;E\-s;\\)Rwm뚬~(\'Y\\]?\\~\\4\(\\e*\]I\{C\21w\%Kx\XD<\0\r\Z\+X	ڂ \\%cж\DKeM=\CTma\6A7\\\@<gZoJ,t\r\r:\sE|Ois`L\>B4\ǖ\\Y[ڱ\n-y\\\vk*.Aa̝\i\2|`o4s!&\5\n2=\\+:\r*ǁx\0Pa.yz\\WFySzn0`)Tkʄx\\l^	>\	ûL4*\.\r	\Gx`QB\U\\\@\\\>\\#G^2[U\ea747\tj\,{t\\\ƥF84&mQi\\4\"D\n2\n\bêf\\vVZ,\\W\\@\]\na[\Ik_\,Pֱ\A\Y\xUBo\W|\G\GGYǚ˖VVKߴV\TyL\Wvؗ\0\D\amPCl\]d3\\\\\\.y\S\M\I;y\'\ihŎIbQf\'\,\\N^͆w*㊚e!m\xŭQ\+\Z	,8\'\x\ZhY)N\\m\\4ߚ6q\\+TP$\ڤMN\Z\>ok`\Ci#M\\\\؍>\\m\Mf.Z\Zm|iJ\\\\\T\\T6sɲΤ6Q\\6u6/t\H\o2^\fo:usK\u\7\\"($#4ʺ-\\N\R0\\XxHП\͜vTz\YoƂ\gƬQ\UE]xeTݨ\%z׳\Y:\rN0\\x\L[́Ҡ\\!<\wr~)5U\\\B\fT\T=\4x\Zw\ri\m\=X\?3kkv1;n#ubĩqߍS\'m\\\Z5/\>͆\6\DͥKCLb+\̃\gHx\\^\}(նaV3T\ܾfd\AVu\ [\Zn\0\&\\AN/\0W\3*S\cNڦP\hl{\0\\\٨R\hR\\\{U[\h~\UqW\/h\"Vkv])1#jp㋙w\z?\\\k-ڏ0	ܰP?I\\Jf\A\*\KH⡊瑤\J|\ɷ1\s6a,Qe\m2$\OfweGau\]bRTn2l`oV+_JU\/\dH\Z\c\,A\Qep\>\]\}f&ݎ(}tA\2\"\xl\#b\W\7ja3\0\0','6.4.4'),('202303020935256_AddingAdminData','NewHotelManagement.Migrations.Configuration',_binary '\0\0\0\0\0\0\[\n\6}/\X8\ng7\x\oW]H96~YI򢻵N\\"ggC\?N\?\z!\ǇG\\r=v\V\\\\\\<Z~oD?>Щ}\\\\q{\F!\rW\\\ry\\g\\as,˚\Ą$?g!qa\b/B0\\Ej]\0\0/\말@!\0\\Au}\Z\0^\\"$dqqO\(,Xb\}\\0\BB\IٽFGFN90rc\ \'\\D>|\܈ٓ\:1\\>!lK\d#ѳ\Ччbat`\\npZkcG0%\\:^b\n\?LI,:S\Zx\un bO7\\+\=\rԱ>K5\m]r!\C\:F\\Z1_\\r	*\\3rZrG5\W\:\[2)\\bQR\|(\ZF\~f?}`E{? \~\\\A\9=u\0m$L2.5F+_|FX\\+\\\a9~\Q*dH*\*Nq\Ÿ\jbl\\٪?\㳗\\[}0+YIz\o\\D\\\y7!V/u\\2MnQ\]\t;*u\$h٩J\\\Q\\L\aAA\s\\Y\74\cw9\\!\,Cd\&hʏܒ!\-\mRK\Z\}\ej؎5g>\`ė\\e\\\Sm[\CN)\r]?Y^#!70Uĳ:\fN\fÕ\\\opO\\\E\6\ruc[w+rX\?C\Eb\l\½\"Axg|;\\fO\\p==w!d1\6@{vY.r\y)C1f6{MYԩ\^F$ȼT7\KC.t݀\X\R섔i\cQ&@-E3<V\wԂf\Z\']\0\mA;\tgpSVȤoQ\"kz\\\Q]EÑ\Cձ\%m<\t麭:V6\\utk\n$gmPMl\]e3\\\\\\.y\SlY~p\C^pj\n\L*\\d-\\"Z\^-\\)\Ҋ\B\b&zO\%=#ʄH}3/0i\Eɔd.Z\yw{v[{j*\\3s\\nҢ7MH\\\8 Me6㤭\z\1t\\h}5̮\e;Fv-cdM\1ʃSHG#E7r1Ձ:\q1iO\\cM\L]\\\\˖o\\\7.G\O&2J\i%ˉd\4	㛡lCC5\\ĖG\ \ppnG3\\{$Eb\%\\!\ C\q\r\dܾM\#*\\\d\;欑\\]ً^K\\'Y\Z\\ȫ\.\\r\{\"xZӗ2ɯ3\\'\wW[Jy\r9z뫢uq^º5W\\:\\\rγ\\'5FQNy2Ey2E/\$1\\0d+<W}9\qj9\g1\U\ډud̗\"]\'NG=kb\yIۆl\r\>^luU	Fse\\<c\\0\NQQSJVQH\ܶ\\ZQd/\\\A\ŶԹV$\K\Va\o.mVj\i<g\\-C\il->Ź\tN\\t\<C+\\\\Zʱ\\\\\Jܕ3*x+.iUvp\2\Zw\jV\J\Jl\\\xdGUJ\gNVa\4.z>y\\\ӈ+\2\J\\Fa	ޜ\\\l32K Ai^\<\$O\\P\s\|}\rW\5\"f	XK&StiT6\2\-<sf@\4lw~5r\\zP\>9\:B\0\O\a/x|?UO:\0\0','6.4.4'),('202303021009231_removeadmindata','NewHotelManagement.Migrations.Configuration',_binary '\0\0\0\0\0\0\[\n\F\;<i\'Ԑ8\\rނ9].Y\ҕP\z\#:\?-%\\r|ȝ\vfvF\F\W>!4\cĶGrl\r\\ߍ.=e}\׽Q됒 ex\8\}\0cQ <v\!^\>9\9=u\0Y\\˲Fw1ԇ\~܅PƄ]0=\7uC|!qal\	\p<Nl\Q̀-lpH\"Qܳ\f2\nr\\\\!\a25\6\jtZi\lsVn,d\dx&3S%\\\vaB4\%\Z[։!\\S~A$\ng>\07Nq\\2xAX#k3G0\ˈ#\S<g\\o\<fL\w\S\,2\\\Գ-L\T\\n]\7m\ sB4\\dO!\"ODJ\S%9˷CY\\b\\!dG!Z.fе_;E\-s;\\)Rwm뚬~(\'Y\\]?\\~\\4\(\\e*\]I\{C\21w\%Kx\XD<\0\r\Z\+X	ڂ \\%cж\DKeM=\CTma\6A7\\\@<gZoJ,t\r\r:\sE|Ois`L\>B4\ǖ\\Y[ڱ\n-y\\\vk*.Aa̝\i\2|`o4s!&\5\n2=\\+:\r*ǁx\0Pa.yz\\WFySzn0`)Tkʄx\\l^	>\	ûL4*\.\r	\Gx`QB\U\\\@\\\>\\#G^2[U\ea747\tj\,{t\\\ƥF84&mQi\\4\"D\n2\n\bêf\\vVZ,\\W\\@\]\na[\Ik_\,Pֱ\A\Y\xUBo\W|\G\GGYǚ˖VVKߴV\TyL\Wvؗ\0\D\amPCl\]d3\\\\\\.y\S\M\I;y\'\ihŎIbQf\'\,\\N^͆w*㊚e!m\xŭQ\+\Z	,8\'\x\ZhY)N\\m\\4ߚ6q\\+TP$\ڤMN\Z\>ok`\Ci#M\\\\؍>\\m\Mf.Z\Zm|iJ\\\\\T\\T6sɲΤ6Q\\6u6/t\H\o2^\fo:usK\u\7\\"($#4ʺ-\\N\R0\\XxHП\͜vTz\YoƂ\gƬQ\UE]xeTݨ\%z׳\Y:\rN0\\x\L[́Ҡ\\!<\wr~)5U\\\B\fT\T=\4x\Zw\ri\m\=X\?3kkv1;n#ubĩqߍS\'m\\\Z5/\>͆\6\DͥKCLb+\̃\gHx\\^\}(նaV3T\ܾfd\AVu\ [\Zn\0\&\\AN/\0W\3*S\cNڦP\hl{\0\\\٨R\hR\\\{U[\h~\UqW\/h\"Vkv])1#jp㋙w\z?\\\k-ڏ0	ܰP?I\\Jf\A\*\KH⡊瑤\J|\ɷ1\s6a,Qe\m2$\OfweGau\]bRTn2l`oV+_JU\/\dH\Z\c\,A\Qep\>\]\}f&ݎ(}tA\2\"\xl\#b\W\7ja3\0\0','6.4.4'),('202303021019202_AddedAdminTable','NewHotelManagement.Migrations.Configuration',_binary '\0\0\0\0\0\0\\\\n7}/\X\c\z\\%5l7B\,;\[@\R\\EB{\eNK\\!\\\\\S@G1?cȶ0uCϧ\˟\\\\\\\Yll?p>q\>\\0\wK~膁\ysts|\`˲F\\0ǿӐx\7\\&,m/պBfk\\}~9&0\\ ۚ@sL(\r9\ \\=\st5_C\"w\k0qRto\\S̠\\r\a\mj\"G\\\vnB0\9?cC\qd[l\'SD&G\9Ёev?\\J;\7S\\"\\fA|7|\nE\\\\0M7Q\\\T!X\h\ٖuPm\\ol\\n@s3\a\Gc\q#X\c\\'~\ff[\\+0\Gۺ🰗R\S%\\H\<\rb\ky\\>y\E\藾\<\ܟ\PZ\\0} \ڛ`\\EO<\ܾgC\0\7Hx\nG-0ghN~::\\\\#n:eSd8y\T|FD\\)I2\\bN,H\',!V\\ce\HW\\}\+\bs\G\Z=+^[L\.\_\'\\=/0\r\R/pBư\V5Y\JK%Ϳ\	Zt*uD,	G\1p\\kh\\+:ds\4/Ct[Mꢉ-b`ߒmWג\\y~\\Ě3	e(\\\5\\-RC&/\\9VYz؀r5l\0hld	>;^$x\\Pg8tM\0[\+\s\1y抁\<v\#2\OU\\i6\)\"̧ӿᵸS\f\ȑ\}T\5r$l\Ej\:%\\\L{dTW없\Zmܡ\0\\\Rb/NDQ\aR\\l!SY\z\pZ4\\\%`\\\\0f[E\NI*BNM\`doQ\"kz\\*\Q#c\eK\[{+\ݥ\\Z\p瘄[[\Hڬ\\\cS\<K\[(d:I%3x:%\\%Z!)Ji5O\ӟ\\+AḬ0K\7\/05H\ZWSH}S/0ibf)1\\\l\f\\\ɐ\[S̀\\\bH+fl\\FEE\iH6+H6$\\'i\Tt\K7Ĭ|\e\\Ѥ&5ǒ+l2\\\XEk{&\dm\QҊ6\H\S2F\\#5\(yc{t$LKuiHH:X$\(6\\Z;h#h\Nu\\\'h5F\Z\\\-A\r\tfo\'K\f\_7\\yIEtE\'X(a\Qݙe{t5J\ 	|\7\Z\Z7T/*\=a|\!\Lc\I\<\/ߣS\An!\p&LKjߥT#\\*\\y{Y㒩w\g\/ڥr^ɶƍ/\b[`G\\\$a\?N?\d=`3K\xR|\	\B\}=Y1e\m\\6V\z4\b	\*y^\\E`*m7\d:{C\\\@*\7 썢\"{h\\82]7\>\oL\_%Rӗ\Hz\qj뼽aw[d^痒f\_k{n}`]G\O#\\\\Nz\\\n\\\\l57!HX;2\\\6\"\n8T=c,D(è`+\TnW\"~<ٛ%ҋ\8J\wF\0\r^_5<s\\mPx\Bzś\PK\Igƶaݓؚ6ye$\=jI<e%4s|\fk`=\\*J\rXR5hG1(4\j\@YL/;~̇W-\\B\\U!2ŮU>3\Iu\1̑*N\"\/\᳋I\\\	h\\8X,d\1Iyt7\6T\01}P_\ӍO\\BD\4k\E\"zΑrDPjи\d\k:G\"\r\.\=ß\n\\y5HBfh\x|\\;DD\0\0','6.4.4'),('202303061240267_AdminDataOTPProperties','NewHotelManagement.Migrations.Configuration',_binary '\0\0\0\0\0\0\\\\n\6}/\XQ\v\ٴF7E\Z\t\\_\PW^t\J}I(p8\9g\_OS\Z&\==>qI\멻eq\\/&\\\1m\<8B8\n4ɊI\ ޝ|띞z \\rɧm\\g$mNLh\_s\"L7\\Sc\0F1Z\\\8\:\$D \\8Nb \\g,M\b\rܿl0[!Bq\N\y\\RDO\*\\Vv+?\_uȩ{Da|ruIy\FE&\F\\Бw?\̊;rf[¶)\x\RD풄O\>\\xK(:ߤhK\rN\\\'*;\\䱞:\Z\W<\wsB%\Y$\?\\\1S\\y3k4\\*g\:\\#\\q\s>\l)p.aKA\\\'i0\\\Os_)e\(:Ǚ#\Zk\p<<\FPH?\\c\ H1xCϺ\0<\B0B-D\QV]L~1\>\\\\\'\Qn\\v z\`){w\fl\\bg\\3\\0\<C?Ǐ/f\$\Ce-y\i\ce\\(v}\Fnyo\S\ԭ$l\>au\&$\n J\SB$:<,m\s^(]cf.k\\n%w	Zwj\\#\\C\b\vNA\/V0\5c\\9\I\\z\ܶr\\\ҶDmK8CMKzظ6\\.b\\eH7\]\Ovp\\վ5\vB\)M0\^-!H\ZhI688\\04u\\\_^	\Zzn\KL0\\n:C\Gc@nӇSn\ \ycU\DL֡E\t\K\/\'13\.9ʼOJQ`&`ƦY/\i\^vhz\#ڥpް]j\01\\0dk\VKq̽(a0\0Yp\\)gLqZ\\]\a\\:\.\I(h)CNN`D\<k\zಽjđ#쇼Ɔ˖зViX\$kY3?\8&\\Va*kZ|w}~tw*cOud\BWˊ\R2\\\2\\8~<z1\Z\O\n\Lz\B\nSY5kpx\7\"\Zh9\M+\mٝi5\~Kw\\,\֊M\AiKvmwtP늊CK*ZebYT\vs4)	\\XbR\\\ꚣU#5Dl3G)*\"H\dQD\Չ(U9N^zAf\rW.&BM4R\\$V#E\]*ͱ\\'n5G\JQ\"H\0hTfRo\P\jY\\'<^:\mHaFN\Mv䄬zx\\Zܦt$jՅS^$w\rjG)\Dv\V\"4^T0LPIwcl%o\\rL\nOWhz엿\\\\Zk5t\v)1t<a5dBq Cj\r4h0p`\.\jj\R\\\'\E\l.z\n~~YFr\p㌄\T\C\E6\0\o\\\Q\ZSEp7l\k\nhA\$\3\ȯ\\\P\Z[\\ZI\'ZC\\^k k\r#1mQ$\5\i\ K\^12\\~I:XבZ\\=I{\k\Tv\r\\"\񸗨\"\F&\<\\#r\\)G\m\n>\\9q|%3\t\|ԫ&蔶F7$Y,\mLX]yng^m$d?D8\\%l`/a^Zc6`\r\1\\\\0Faf5>Vtg,.2\n\\r\U\\Y\rΆhyp՞T:V\\\\r	\{\[\:UG\'i[V?QiQ3:}\\\Q\r%3&ƃj\\7\\j\͆\Z?*o x6\Zk\Ab\K^\3WI\\\.j>\n`\)W\g\ǔfLl\}ky|e-%\hI$\0w]g4Y\\\&/]X\m|\rIP\}ՐC@p\[$|/O\\/ҍ\pi*\W{A\\0\\eLGFKYh\\Y\\S\\r\wVG\0\0','6.4.4'),('202303090951519_AddedUserPasswordHistoryTable','NewHotelManagement.Migrations.Configuration',_binary '\0\0\0\0\0\0\\\\n\\\ hy\\̦\r\3\`)hvR+QEHJ\(ʶ\\"\"sxxxxH~\\\\\0;/0NP\\\3ׁ(\\ܔ\|3\\/em&3\\dx\0\0\i8J59`h\\\\Rb9\s\Z\\<\n=%)qR\/\չL3~oA60!9\\%F*x\: #U\K$\\rK\0~\m!8E7.\\=:{\z4P^(\	x0\Dnneh2!5\jlc\9s/\0׀\0ב]\q\jj\r}C*8k}ʚV@\'Z\V\\ę10%1\'\C\\\\`8SyթP@\hc\E\\\u&bۉܸj*\{\wsG\0++ᬳ$Q! \t>\lh\~+%R\un\\'n\̥\\rz~YRh%Dt^\F$NF\n\ IF?\@||\7(N\8FE\8?zMG\@bp+_~\\Y;\%\r#Xdhs\\\z^¯F\Er\\\vǇ=\)\zeL\^\la\I!\,\{`\+q\3Ӻ\bM\X5<V\H-⁳\ֹ;\\/h[N	p\Yو}8<mI\yG\\UxZFi\1Z \@bk>\rV\\+\44˄q\k @x/\\ZǊ\q}y^E\\@؁c\[\a\[<\Ⱦ\M۾\5=\6\n\Z$\(\b@\\U}`W\m\\\|DtzĻ\'z\Zȑ\̈́9\\\\{<\\ܥqL{v4y_\6Fg\jחIy(sFe\\'Bt3\e!\$ZNW*4sL9x)%T!:̒\d\\|FȜ<i27($j(A\0Cj\3;dJV\\/\p\NDCb2\\&z9UJd.{M\'\ZffWG\T3_\K&\ИX\z2T\Z\)(J\\ƅYrb\Uu\n%E.!\oIשv\O\\\"\T\;}YuXR\\\\J#N5YDZTm*asc-\Os@\\m=ɑ]\tɬ)\ڦk$\'RD33Z-\\# 7O\\v)*\\I\)Y&\l4K\h\'E\9\'oYA1\rҶD\'\[I_hiv\,,RM\n~\rӶ&\7u\\\[Vg\MOZ꘨.\\r\ kr\\6\0\M\<\i@P#\'/\T\dK?Ē2!\\\h	\ͱxVƗ\<.5G*y<NYfRx\E9FuϣT\8u=2\j!W\<DQ\\\"\=`GokqS\xW\bsHK͑\k$+\\^oP\h\"N\'\\EG\iK\\\&Y丌*\ָ\\\u3o\\\6rs&\\r[3Jy\4E4;D	j\\?\FrA)\ߏ\Ѿqe\v`\\r,֍\S=ye\!Eqè.,MFɕkEH\s\>\Z\ތ\\z\\~l\8Ғ\Gߍ\nBz\\\\}B+\\\BO\p]\K\\\5@9TҫC*\0jZu?RN*CM|vJt[{\\9F\qqYNM	\/\\\\+/\Q\\y\4Ikִ\;\\"Ĭ\\/xL\coO|;\H\k(=5<\\ZFx\b\"<^FޢX\OKA\"~\wI}\1\jdJ\\X\B1M~!ae\0\bM\׫*\Ces/h\zdM.ů\eމsӘv\9|`*8o5H\\\$Kn\\~\\\VQCF}ҿ\026\K#}\LC\6\\ .c;l!No\r\e[8<+\;\2X,\F\8D\\Q+~f\u\\2Z\2\\\L\W5\X(\~\\xt\{[\*QG\-ݣګcK\f\upN\\jvq҈w$bV|c\(j.\\8\n\X\R\\cuiXu4&hSCfBOmUE\+iTVw.\0Y˘5\$\ef\'+\/\lSB.\Xn1E\\\TMĒ\*Eد\$\rl	(v4l,	\\lvҝ­l*\W\\0{Lp	X\\_7\Zn>\rv\-Z3H@f^#Au{\'a?x\o\\Q\0\0','6.4.4'),('202303091009307_historyTable','NewHotelManagement.Migrations.Configuration',_binary '\0\0\0\0\0\0\\\\n\\\ hy\\̦\r\3\`)hvR+QEHJ\(ʶ\\"\"sxxxxH~\\\\\0;/0NP\\\3ׁ(\\ܔ\|3\\/em&3\\dx\0\0\i8J59`h\\\\Rb9\s\Z\\<\n=%)qR\/\չL3~oA60!9\\%F*x\: #U\K$\\rK\0~\m!8E7.\\=:{\z4P^(\	x0\Dnneh2!5\jlc\9s/\0׀\0ב]\q\jj\r}C*8k}ʚV@\'Z\V\\ę10%1\'\C\\\\`8SyթP@\hc\E\\\u&bۉܸj*\{\wsG\0++ᬳ$Q! \t>\lh\~+%R\un\\'n\̥\\rz~YRh%Dt^\F$NF\n\ IF?\@||\7(N\8FE\8?zMG\@bp+_~\\Y;\%\r#Xdhs\\\z^¯F\Er\\\vǇ=\)\zeL\^\la\I!\,\{`\+q\3Ӻ\bM\X5<V\H-⁳\ֹ;\\/h[N	p\Yو}8<mI\yG\\UxZFi\1Z \@bk>\rV\\+\44˄q\k @x/\\ZǊ\q}y^E\\@؁c\[\a\[<\Ⱦ\M۾\5=\6\n\Z$\(\b@\\U}`W\m\\\|DtzĻ\'z\Zȑ\̈́9\\\\{<\\ܥqL{v4y_\6Fg\jחIy(sFe\\'Bt3\e!\$ZNW*4sL9x)%T!:̒\d\\|FȜ<i27($j(A\0Cj\3;dJV\\/\p\NDCb2\\&z9UJd.{M\'\ZffWG\T3_\K&\ИX\z2T\Z\)(J\\ƅYrb\Uu\n%E.!\oIשv\O\\\"\T\;}YuXR\\\\J#N5YDZTm*asc-\Os@\\m=ɑ]\tɬ)\ڦk$\'RD33Z-\\# 7O\\v)*\\I\)Y&\l4K\h\'E\9\'oYA1\rҶD\'\[I_hiv\,,RM\n~\rӶ&\7u\\\[Vg\MOZ꘨.\\r\ kr\\6\0\M\<\i@P#\'/\T\dK?Ē2!\\\h	\ͱxVƗ\<.5G*y<NYfRx\E9FuϣT\8u=2\j!W\<DQ\\\"\=`GokqS\xW\bsHK͑\k$+\\^oP\h\"N\'\\EG\iK\\\&Y丌*\ָ\\\u3o\\\6rs&\\r[3Jy\4E4;D	j\\?\FrA)\ߏ\Ѿqe\v`\\r,֍\S=ye\!Eqè.,MFɕkEH\s\>\Z\ތ\\z\\~l\8Ғ\Gߍ\nBz\\\\}B+\\\BO\p]\K\\\5@9TҫC*\0jZu?RN*CM|vJt[{\\9F\qqYNM	\/\\\\+/\Q\\y\4Ikִ\;\\"Ĭ\\/xL\coO|;\H\k(=5<\\ZFx\b\"<^FޢX\OKA\"~\wI}\1\jdJ\\X\B1M~!ae\0\bM\׫*\Ces/h\zdM.ů\eމsӘv\9|`*8o5H\\\$Kn\\~\\\VQCF}ҿ\026\K#}\LC\6\\ .c;l!No\r\e[8<+\;\2X,\F\8D\\Q+~f\u\\2Z\2\\\L\W5\X(\~\\xt\{[\*QG\-ݣګcK\f\upN\\jvq҈w$bV|c\(j.\\8\n\X\R\\cuiXu4&hSCfBOmUE\+iTVw.\0Y˘5\$\ef\'+\/\lSB.\Xn1E\\\TMĒ\*Eد\$\rl	(v4l,	\\lvҝ­l*\W\\0{Lp	X\\_7\Zn>\rv\-Z3H@f^#Au{\'a?x\o\\Q\0\0','6.4.4'),('202303091039130_newuserpasswordhistorymodify','NewHotelManagement.Migrations.Configuration',_binary '\0\0\0\0\0\0\\\\n\\\ hy\\̦\r\3\`)hvR+QEHJ\(ʶ\\"\"sxxxxH~\\\\\0;/0NP\\\3ׁ(\\ܔ\|3\\/em&3\\dx\0\0\i8J59`h\\\\Rb9\s\Z\\<\n=%)qR\/\չL3~oA60!9\\%F*x\: #U\K$\\rK\0~\m!8E7.\\=:{\z4P^(\	x0\Dnneh2!5\jlc\9s/\0׀\0ב]\q\jj\r}C*8k}ʚV@\'Z\V\\ę10%1\'\C\\\\`8SyթP@\hc\E\\\u&bۉܸj*\{\wsG\0++ᬳ$Q! \t>\lh\~+%R\un\\'n\̥\\rz~YRh%Dt^\F$NF\n\ IF?\@||\7(N\8FE\8?zMG\@bp+_~\\Y;\%\r#Xdhs\\\z^¯F\Er\\\vǇ=\)\zeL\^\la\I!\,\{`\+q\3Ӻ\bM\X5<V\H-⁳\ֹ;\\/h[N	p\Yو}8<mI\yG\\UxZFi\1Z \@bk>\rV\\+\44˄q\k @x/\\ZǊ\q}y^E\\@؁c\[\a\[<\Ⱦ\M۾\5=\6\n\Z$\(\b@\\U}`W\m\\\|DtzĻ\'z\Zȑ\̈́9\\\\{<\\ܥqL{v4y_\6Fg\jחIy(sFe\\'Bt3\e!\$ZNW*4sL9x)%T!:̒\d\\|FȜ<i27($j(A\0Cj\3;dJV\\/\p\NDCb2\\&z9UJd.{M\'\ZffWG\T3_\K&\ИX\z2T\Z\)(J\\ƅYrb\Uu\n%E.!\oIשv\O\\\"\T\;}YuXR\\\\J#N5YDZTm*asc-\Os@\\m=ɑ]\tɬ)\ڦk$\'RD33Z-\\# 7O\\v)*\\I\)Y&\l4K\h\'E\9\'oYA1\rҶD\'\[I_hiv\,,RM\n~\rӶ&\7u\\\[Vg\MOZ꘨.\\r\ kr\\6\0\M\<\i@P#\'/\T\dK?Ē2!\\\h	\ͱxVƗ\<.5G*y<NYfRx\E9FuϣT\8u=2\j!W\<DQ\\\"\=`GokqS\xW\bsHK͑\k$+\\^oP\h\"N\'\\EG\iK\\\&Y丌*\ָ\\\u3o\\\6rs&\\r[3Jy\4E4;D	j\\?\FrA)\ߏ\Ѿqe\v`\\r,֍\S=ye\!Eqè.,MFɕkEH\s\>\Z\ތ\\z\\~l\8Ғ\Gߍ\nBz\\\\}B+\\\BO\p]\K\\\5@9TҫC*\0jZu?RN*CM|vJt[{\\9F\qqYNM	\/\\\\+/\Q\\y\4Ikִ\;\\"Ĭ\\/xL\coO|;\H\k(=5<\\ZFx\b\"<^FޢX\OKA\"~\wI}\1\jdJ\\X\B1M~!ae\0\bM\׫*\Ces/h\zdM.ů\eމsӘv\9|`*8o5H\\\$Kn\\~\\\VQCF}ҿ\026\K#}\LC\6\\ .c;l!No\r\e[8<+\;\2X,\F\8D\\Q+~f\u\\2Z\2\\\L\W5\X(\~\\xt\{[\*QG\-ݣګcK\f\upN\\jvq҈w$bV|c\(j.\\8\n\X\R\\cuiXu4&hSCfBOmUE\+iTVw.\0Y˘5\$\ef\'+\/\lSB.\Xn1E\\\TMĒ\*Eد\$\rl	(v4l,	\\lvҝ­l*\W\\0{Lp	X\\_7\Zn>\rv\-Z3H@f^#Au{\'a?x\o\\Q\0\0','6.4.4'),('202303091043254_ModifyHistory','NewHotelManagement.Migrations.Configuration',_binary '\0\0\0\0\0\0\\\\n\6/\wtYQ{\v\\tnXg\D;D)ɕ4Ə\z\G\+ԑ\'I}PZ\C\\\g\\\\;/0IQM\\3ׁ(ZO݌\񇯿|\W痪\{֏ҩL\\\R =\r\i\"~z wgg\{\\.\r\\,\"(\YpC2o\\0\l_9sBn\\cL X\F\\:\\\\(	 ݋/)\\$֋\rm\0q\\n\Ӹh\\\\,%q8})\"On%h!\*le\9u/E׀\0ב]\p\zj}@J8}ʆ\@\'\\V\߉3\0\8`FOl3\>ƿh\ZeS\\76=$&d\	\N\\x\XO\\\3G\;׹L%p\Y8?&\\0\2V8\\c*T-\Fs[	Fk<u\O׹A0ZJ.D\K:$\p\O\qC\0\rJR2\oQ`8\O`Y\\C>>ه\8\ZAʗA4=>\Yn\MuA\rR~@\\Ze\%\y^3\a\xZG3\O\C\\k<\NyzO\0\\09~ڌ\_\q\\\2\n`cy\\(WJn\Z\\]kVb!λ\hS>>=o8cA\O8K|\c\\\$kH\y-VڀU\{M\'\\z0)gmg\CM?X֡9/\֫jzp\uP\B?,uYm;T\=wކ^ٝX\Z\Ql\\\5ա%bCKnd덞r\}ca}wu=^\wYЙޗM`҈Ҟbfyr5RB$ޥ٦ac\_S\?:\Іn-\\\FJ|\q\'R8w\Mz]C	tf	H}D\-t_C~\up@Q\0|\d\\~c&\'v\2ᣊ\TjR\0\584V\ơ0PM<G\T^/E\r\2\ruhu	mRY*s.cܷ^f\"\[:1iie\bHf\:\.K|*)BNLu0\\U%\>|8\V\Q\<E\z6֢4W+\\\\;YM\z\\n*mzFrxJ\&E\0qSB-v\\r\$\T\4\X.SU\\+\>@dr6\\q#e(Ef\.\O秚2ۚ\4*RҔ\<\$\Ü\M2~-۶\"&\7uѪ\[ug!\w$MT\N\r\\\nE\\\0pi\,\7P\	h\\B2ZebU\ \U\\h\\\5c<\n\TXM9RU1\Tm\(e)\1\d>Q6cԙyn4\)\<\LsхP&\yiD ql0)\`+YDM9Vs\\C5\Hy\\\mj;1/*\ē\0%FP%\0Ms\qSkp\\D1/햴sN	\%`kG\xv2\\AAP\6\nJ\~\Pkb\֓\\ZM=\/E(=i[hCn(C\eTƣ\\\85\?R<t\e&P#\Û\YU\~4Xw=4\\PZWZR\\q\\Ѩ\+\\0\VN\	qlT0\y0\\+%KMZ&\uNC$\~\\:TP/(`w;\\\ȫ\?g嗼U\\nH߱WU\#\K\\0kô\;\ĤۛϷxRdG\\"Q78;Oj2\H\k(5\\ZFx]b\"<F\~X\O9AZ\OI}7+\\\2+\r;eAǇ]\\	fX6,Δ}U\TzzN-\\\_>\Z\Nڴ\\L	v\",<!U\;ɲ\B\[=~\\ͪ-\\b1Yn}@p9^Z˥m4\҆۩\BMv.>X!ؽ\\޶T\\)\;y\+\\F)\U\XWkZUD%8P+ĕ\F)}zՓ*9|m\V-:k\(wvŲ\\\\\r1]´֟՚?]1mŴ::Ŷ:j=Uz\zU\j)\X5-\\o\WYժRڢKo~WR|ﱦ?LW͝P\WoԼh\@-`\\>hWV\\\"G\0\˄	\\4\\fK̣l2B\%\^\Rw\\kE\'>@\Ḏ2\M\2\ZakIXT\\HwJ5cP)\z!	L\`\pި\\Vv\>F`0-1O\A\?ַ\P\0\0','6.4.4'),('202303091044428_modifyhistory2','NewHotelManagement.Migrations.Configuration',_binary '\0\0\0\0\0\0\\\\n\\\ hy\\̦\r\3\`)hvR+QEHJ\(ʶ\\"\"sxxxxH~\\\\\0;/0NP\\\3ׁ(\\ܔ\|3\\/em&3\\dx\0\0\i8J59`h\\\\Rb9\s\Z\\<\n=%)qR\/\չL3~oA60!9\\%F*x\: #U\K$\\rK\0~\m!8E7.\\=:{\z4P^(\	x0\Dnneh2!5\jlc\9s/\0׀\0ב]\q\jj\r}C*8k}ʚV@\'Z\V\\ę10%1\'\C\\\\`8SyթP@\hc\E\\\u&bۉܸj*\{\wsG\0++ᬳ$Q! \t>\lh\~+%R\un\\'n\̥\\rz~YRh%Dt^\F$NF\n\ IF?\@||\7(N\8FE\8?zMG\@bp+_~\\Y;\%\r#Xdhs\\\z^¯F\Er\\\vǇ=\)\zeL\^\la\I!\,\{`\+q\3Ӻ\bM\X5<V\H-⁳\ֹ;\\/h[N	p\Yو}8<mI\yG\\UxZFi\1Z \@bk>\rV\\+\44˄q\k @x/\\ZǊ\q}y^E\\@؁c\[\a\[<\Ⱦ\M۾\5=\6\n\Z$\(\b@\\U}`W\m\\\|DtzĻ\'z\Zȑ\̈́9\\\\{<\\ܥqL{v4y_\6Fg\jחIy(sFe\\'Bt3\e!\$ZNW*4sL9x)%T!:̒\d\\|FȜ<i27($j(A\0Cj\3;dJV\\/\p\NDCb2\\&z9UJd.{M\'\ZffWG\T3_\K&\ИX\z2T\Z\)(J\\ƅYrb\Uu\n%E.!\oIשv\O\\\"\T\;}YuXR\\\\J#N5YDZTm*asc-\Os@\\m=ɑ]\tɬ)\ڦk$\'RD33Z-\\# 7O\\v)*\\I\)Y&\l4K\h\'E\9\'oYA1\rҶD\'\[I_hiv\,,RM\n~\rӶ&\7u\\\[Vg\MOZ꘨.\\r\ kr\\6\0\M\<\i@P#\'/\T\dK?Ē2!\\\h	\ͱxVƗ\<.5G*y<NYfRx\E9FuϣT\8u=2\j!W\<DQ\\\"\=`GokqS\xW\bsHK͑\k$+\\^oP\h\"N\'\\EG\iK\\\&Y丌*\ָ\\\u3o\\\6rs&\\r[3Jy\4E4;D	j\\?\FrA)\ߏ\Ѿqe\v`\\r,֍\S=ye\!Eqè.,MFɕkEH\s\>\Z\ތ\\z\\~l\8Ғ\Gߍ\nBz\\\\}B+\\\BO\p]\K\\\5@9TҫC*\0jZu?RN*CM|vJt[{\\9F\qqYNM	\/\\\\+/\Q\\y\4Ikִ\;\\"Ĭ\\/xL\coO|;\H\k(=5<\\ZFx\b\"<^FޢX\OKA\"~\wI}\1\jdJ\\X\B1M~!ae\0\bM\׫*\Ces/h\zdM.ů\eމsӘv\9|`*8o5H\\\$Kn\\~\\\VQCF}ҿ\026\K#}\LC\6\\ .c;l!No\r\e[8<+\;\2X,\F\8D\\Q+~f\u\\2Z\2\\\L\W5\X(\~\\xt\{[\*QG\-ݣګcK\f\upN\\jvq҈w$bV|c\(j.\\8\n\X\R\\cuiXu4&hSCfBOmUE\+iTVw.\0Y˘5\$\ef\'+\/\lSB.\Xn1E\\\TMĒ\*Eد\$\rl	(v4l,	\\lvҝ­l*\W\\0{Lp	X\\_7\Zn>\rv\-Z3H@f^#Au{\'a?x\o\\Q\0\0','6.4.4'),('202303221002041_NewColumninAdmin','NewHotelManagement.Migrations.Configuration',_binary '\0\0\0\0\0\0\\\\n\\\ hy\\̦\r\3\`)hvR+QEHJ\(ʶ\\"\"sxxxxH~\\\\\0;/0NP\\\3ׁ(\\ܔ\|3\\/em&3\\dx\0\0\i8J59`h\\\\Rb9\s\Z\\<\n=%)qR\/\չL3~oA60!9\\%F*x\: #U\K$\\rK\0~\m!8E7.\\=:{\z4P^(\	x0\Dnneh2!5\jlc\9s/\0׀\0ב]\q\jj\r}C*8k}ʚV@\'Z\V\\ę10%1\'\C\\\\`8SyթP@\hc\E\\\u&bۉܸj*\{\wsG\0++ᬳ$Q! \t>\lh\~+%R\un\\'n\̥\\rz~YRh%Dt^\F$NF\n\ IF|\Qr_ߗ/oPq>\\\\5>a?\0\f\s`\Kߏa_<ǖ+?  xNy]\\B\\H.=^`W6Ўr\;e<Q\\#\K\!!l:s\֌\O\0\\0z\\n?r)bV\rR˥x\l`mun\(FNn9\\d\SyV6b!Ϊ$\hoO9|\k\\Q9\sQ\Z{LǨ\#7뚏\\E\6E\J:=#\-\2a\\\.(#\\\C)sD_W2v\VX1oqӶkqM\\r[\5J\a1wU=\c1\C[\x\In\Yr\yc3a}84\;6wiӞMޗͤ=\\eDʜQ\h񉩨\:FYjn1\m\\n\\*\/\F^JE	\<\\\k!$\jzj6_,\2\'F\0\iL\\r\n\ZJP\-&\Z\8\5ܲѐ\~Nա%\^\	\ƮY%ٕ\\1\\\b\"R醉;4&^Gq\<\6q@\\X1|\\E\B]BI\e\bKH\\u\]wq*e6\N߁#DVzಱ\\SGMUJ\\X\\pu[OrdW4]2~#\\Z\\\#)\L\V5\m\=\>j\\Sz]ʤ\n5meVJ~ˤ\2\-\9\KQ\,s\\eGcLDC$\IAV\W*j\`3\0K)\~T_ô-	Mr\\\y擖:&EsC;Țd}ܠ\\G\0a\5p\Zm.C\\K!\;*bX5xn%B֬,7G\\<Wl\#x0\f<Xu9R\`\q\2sE= \'.cTL*4\\/y\x\r\\!)o\=z\_\?ƻMTcՇ<T]j] YA\%%|\Z\e˘q:e,_ʞM\\J.\\\r\\\˶\M&.yk7\\\\<!\\7lQ\\T\; \\TF6Jm\\\WFn/\',-l\h\\/~7:E]ړ7oho\Rgh9\\\\d\\\\2RT>\sq3`\\\h?;h\\\F(#-q\}p(W|e(d\\Ž\|^]c.J%:\S\.\\)\:\D/\g\M\\8gd\1\\\Ztj5LH~\~\^	\\\#IXsD}%\_E!f\Nų|M̅\(\\\'{x\d\r&?S\Z\\\ZJyDd	X/va8\ϿF\X\]A\+ߢ\wI}Z2\jdBM\}\\1M~ae&\bq\\C,O\\%/h\zdM.ů\\sӘv\9|0a*8o5H\\\\\$K\`\q\\VQÏ}2\\026\K#\L\\'7\\ z#`l\\"θ\rj[8/=+\;\2\,\Fa\hM\tV+\h׽\\2D|=\\\\\Xe\5\\}(l\u\{[\*)R\6.ݣmc\F\&#\u\`\jvі2wfh\(jn\h\n)\Y\Rk\cuYȡ_~4&hSC\BOmUE\+iTVw.\0Y˘5\$\\\ef\'+\/\lSBnXnE\\\"\TMĒ\*Eد\$\rl	(v4l,	\\lvҝB\l*\W\\0{Lp	X\\_7\Zn>\rv\u\\3H@f^#Au{\'a?x\o\c\ny\R\0\0','6.4.4'),('202303230732595_RemovedRequired','NewHotelManagement.Migrations.Configuration',_binary '\0\0\0\0\0\0\\\\n\/\wtYd\d\fػ\8\\ƙE\ڢ\Jt6ƢO֋>R_\$\\\"7	E~\\\\B\\$%q4/\/|G\8 \z\o\\Ɵ\׃Q:_\\\F\(=\2\x\Ηq8BA<pq\\\\X7	q9%ް-wqiZ×y\ݣ\%fޡq#v7kJ(4\t\{(b{=\s\\zDvV\\U]ݶGxFu\jMYXh6w2_\vי!\'u\1\{)MxM\\yt\\\\*\?g\tK\6oY\]P;\=\\\$\R*\\7\0xWE`Y\{#\Hm\\5U\\=E\\߻%Ђ\\C\\Y\\\'\\1\Y3k\Z\\J\0\|\}\њL|\n\ʒB\y	X\-%?45NHo$w\#⽺~e%\[$);\`ޑ @\E}E\$̲\0`\\?\\\>\\	|	N\\Op9\9\X\b\Bus^[\tam4K⮅\\\蚂g=?59\n!l<\\\䒧Ͽ \zey\Z^?qR)\UV\rJ+r[\l\mun\(F}\{J֙\f\7L*\\\;IŚI~\B\yM\\Ǹ\J֘\뚏BE\6E\J&=#\\8)z\$\\\Pѡy4^b2u\\V8qb\m_\\r[f\\rI7A\]\\np\|I\\!\\\\#\\{\g<q0C\]=\`\6Ig\	\;\Ĩy}dΨm\\TV6UBN\"\"0]\&((4Lx%%\\\Tn0\{ܒ.e\%\ntӃ\\NLBDL%$Z\r6P\Z\8\\r\Έ\\~Nס\^\\֮Y%cؕ\1\\r\"R농;4&^\r8eE\r8)\2/\o(,\E*1^u,;\LJM}څ?	wo\RfS\8Rd5a).+#<U:pdQy-l?\P$GuE\%\<kۮ:jH\\\DB hPCܶ\{\GբyJϴKTU\frIIE5pQ\wh,Q\%\<\'Lj9\h\Z$Rh\4\\\ RNPi[\n\>h\\-\&\\'-uL\\:țd}\ \xBa\5\6ژ\"](CwT*Z\&Zhui?\J&YYn&p#D0\K$;`b=Z\g\R{ \e(\@)zxAN\\ /Ǩx\0\"JUh_\ S\HBqE/BE=,R޷K6){F>:%~\I5Q]lU.Pu=Rv.d\K\\nj}b\_t\HYL݆|i{6y1Z*,\0˥_/\\Z7\p\rކSnpݰkF)O0DSfb\$Smډ\\P\8\\r\mcO\h߸2\n{9iyl9`\F\\~\\)\ҁA\;xC{9C˱V!\O.#eH\s\>7\ލϚ\~l\8ҊߑJ\#UWأՠ\Ẹ7\K~kv̥VW\]ʱָ8b\~9\U|LJ~\t持\\)%\sY&Y\\WQ\\Zi@\rGt\GU\rp\v2^\kb.\\:<9$\#Ws@\H\wU\8\HokQ2\(\\g!3.\\03.\F\\=P{\\nriX\\\U\r}\\\ZvX.\1֥C8\\$?{ Fn\\\\-kr\\Q\\-y	D+\\o%l\,=n&92\\xN\iձX\1=5\a0IF?b\08\@,/dr0ܲs{1\\d?\\,\\\)K\eQ\{\"\;ܒ/\Yḝxlb493Yآ]W6Ж`$ex\;˟\4c\p록#։,b<Vu>h\\G+\\$Ǖ\\C6I\`\\\b,%\Ij\\RM\8\\'e?G\po\\\\rn\F2\`\f d]C\ڪ:hVѨ\\\0CY넑Z2\i=\z\ρ8E[\2\2T\㑺M~\Ӗu?lp.\'\ѧ-A!m\K@\c\\f\5~fPaj\z\!\1N9\)w\ \|\kܕ7q\ \!}|C\:AaZ`\\\O\ |\LxR\0\0','6.4.4'),('202304061102278_AddingRoomTypeMasters','NewHotelManagement.Migrations.Configuration',_binary '\0\0\0\0\0\0\\\[o\~/\ \\\\\\6wqĈ3E;Duq%:\/\\=ԕ7I-˙A1/^CG\}[\;8NHN\\3\\2H[\G\9\>v\3L&\\(Y\\0%Y\Q\\2\nFȋF\\::?ap\q\ې\0\(\\\\r\\"6\\PHQ;\dx\\\\>G(Dk\f\\\\\'\uPFQ\\\/h\\\n\`hB~i\\T\Mgt\hTu,ۄFAG󏹊Frw+E\nAנlcN9q/W\"ב]L\*2\ 8\}ʺ@\'\0+\ęn}$\[\Z#ęo}\=F\$\>?t<\	P4\r\\	\n\3\uFbߑܹ\*\f<\\s@\>.-\΂F18F{sD)agNu@#f	\un\\\\ą\\ry\^Q\kH`_B\'\Zof\\(I~b\\\\QB2\= 6\WP<FoH\\,\-<$Y\tI\.\:@\^\%\n\Kϋq/xˡ.A\s\\TG<~fm$\S\\,i\\.)y\mw3\\\#O`s1}z$xk&\:!l<Kv|\\2ƟV|Lbs,;u\m=w\\>\f|\\\\Cd[>Բ\{~\$y!\%\\\\&\k𴈶1jj\5\c\V\`\\C\H\Vt\4p\q>k; @\/V\\5}\\\\\\\)+Came&هmG-n\v5-\\\+k\\d\#X6\U._\1^Z#\;\!\>[D\8\C\BY\g\na\\d\8BI1\_\U\\\\rH\\.WRaN\-	S	4\>1V\W\\pgË+Blk5v|H3\Z\\\NK\\42\\1\l0y_7\@A\\\ F\_ݾLhIRcT\"X_\u\9F\L\\4ەl`&\_\q^ze\]y߇W\\;L\#%K䩪yb	x̌ \Z	RՕpI6\7Թ㳛\r\'\\\\\rR\2G(S\PئAcӬ\{	hjK\R9Ծ\mRY*Qb>z\8@zCzf\M䃃:\n%\r.0\sT\X9\ܞ\\6E\(թ7\$\\G\*-8\\\\'?[\0\\\'\S{9\DJ\\6\\e\6=\y&\\CÓMCQ\Z,\Z9̏~^=른d`<\\Zߢ\\\a^\,\\\IuA1Z&ܺr$\XjA44Mb\Z|F\:\Mkm!Lp\h^Ħ~UO\&Ⱥs\ܢ7uXF\'Q\\F6r\PvCh2ZUcX\hUi9oȊrs4.\ͱ4/7G2\x\\$\q2s</ɋ:XA\%@VdQfl(e9NŃL5&<ȋ:hȌtRv\r\$L\IVQUlUE+x\)MY\A҂Nt$	J\ZeɘU8I|Q/\(FG%w\\\\\\˦\u*/Sxm\$,5\\F]׼%\QR&G\c<}ք\}\C?f(C[bKړ{\	\cCĮM=Ś\\(\RO\ D,KQ!NֆQr\\85i#\"R\u\yFYŻY9\nՏ\J\\\P\vW1\k#f:ĬÍO\n\|Ey\Ԥ*\C_\vGR9t\U%9Zk(k#\:ܢr0t^}7M\ǯ\B\ݝ\a<\\?:!\Bx0^\rVf+;̶ʞ&\\w\R#B\7{UrRz\<h\\0J=k\:W\\nO?KJ;Imh[pB\(G\\.(I<_сKE	I\'L\\\\Ɣ	p}_\a\\\u\\)\\tk$Zn;=9n=$n\r#Q5ĺ\\I\\ \'\^1\"\\~J*c\\B-n:{\0d\}\d\r\\\\\{I\-q~\m\;\r\\\'K81x\\Ϟ<]SY\\\v%\\\\\u\\tTNkO+\seZ,FD\:,\RKd\\\r\'g\J)	\\S\}\/gc\Z֞w\0\ޞ2ko\Iy{/Ĺ\O\\{0ˌ\֨\7\5)h֯=\\:J!\\\a\\-r__\	8 \Em\\\д\@\Ψ[#}\UK\\\X\Je\+\Ve&zUU.d\{\[\jԡ_\\H\ɱgt\Zh<zW\x\\Z{P^:\n_3lgJӉa75M*JaR\ai\X7\;\o\\U_u~c>\Kmf\**ܺ4!u]ƔВB5<\\\Y\M\؛[\R2}!aMS8\&ɿ>\0\$\F~~\\+\}=\@s\'F\9ޕHw\n(W_y\\>\`\Xr.\w/x\=HBj_Q\Ul\\~7\\\\a\0\0','6.4.4'),('202304061220115_UpdateRoomTypeMaster','NewHotelManagement.Migrations.Configuration',_binary '\0\0\0\0\0\0\\\[o\~/\ \\\\\\6wqĈ3D{\\Jt6i\_և\ʛ$\̢	/\!ɣ\\\0p^p8\g#/I;\G\\:\>v\3Jg\7JI\}\!JOC\%q\Z\\ǓggO0@\8Ӈ]DI?\\yyxKw(}E9Ԭ2T\8\\"\\;\\\\EhC\Ӽ\\\V8X\"\ný\M\h\B\n߶ڭQ\b\Zus\}`3\K(o\8\	xP\D\nhR!(\ZM\ج3E\\K?$\\udi a-L0\z\Љ6?\̊;q滀\<&(8q\xo\p4vAuB-x\ń`\:\D\\\u\3^D\׹A\\0W\igE\# %\'g:VF\WJ\:\6\̅\\ry\~YR\kD`_B\'\fݒ(M\0\\qJr\= 6\P2FoH\\,\-\0$]\tI\.\:D$_\[A˗\4_<scK]?ݩ x\'6TW\\\H֧!]\\"(y]w;\\\#O`s	}z$#xk&\:!l:Kv|\\2Ɵ\|\bs:u\\=w\\=\vb\\\\C/d[>̲{A\$FK\\'\Mq <\\i\1nk\r\c\W\`\\C\H֍t\4p\I1k; @\/V\\5}\\\\\\\\)+CQm\&ۇmG-n\5-\\\+k^t X6\uX\	^Z#\;\!C\>[D\8\c\RY\gJa+\[&\\K\\I9\_V%\U\\\\rH\\.װR\a\\yÄ)\\\Zv\\C\\m<Ÿ\?(*\\\n\&\}\h \\^\	\>\\wI3M\׭?R4J`\\ٴ/\4HfJ/|\(ؐ+BF`-lP\\2\.\KozQ¹+o\\nbi}\CzP/ẅ	\n\q!U]	<E\<\=l8\\no\g,\8ʰ:J.}M\'\r\Zf40Mpi@\TR]wl\4L̡1>`k\Rb̽(\\'\\0\\3+Ư\"\\U(-|lXv)7\\iĥ\()BFNu0\w\U%\.l8\V\C\0:<9\\\>vڋ\ =׶5\/۶\\\\S4	el\Z\\OEgi\P\A`~\\\)M\X/\-/U\t\IC\mp\\rg\',\XO\sj2\V`ScM\0\,Mi;\\f7mض0aV\޲y	k/\NV=}\n \\s\\\a(@I\+n0j\ \B\C|2N^\~\hu9bǣե\Vf\\#+\\Ѹ9+6\\\x0\\s\\Rs2o\)\\Q,4(\ayJ`y9FƣT\8y2\\[\\-(ꡑ2K\IY\c6|Z0)7\\'YEu9V\\Rs,A\\nz$(j\$c\5*\t\"&\E9Gx\Z\-g\{L?/\:7Jh\ݐՆSw\lF)C\"<JSx \YFv$Ø\oOF\-\'-n4\k~FQ<!`a\r\\]b-q.,͍+?\9IR!\s.2V4\Z\+ލ\\QalW\\7\.ƕ̶&<X\1\&\!\5=n\|ʈp\\+0\\\r0\\'\营&e\$:?r8Ck-,\\ZCU\H\U\rc-\{:C\\\\w\%a|.\\a\Z\k8G(_\# gjq\0\l\a\uqo,5\!T|7e\cܤ^}\\"\+Jd>o\:⳨\\\\Aw\{_\&Y\\W\\\'_@x?F0IS?\|\\\\\Z\c\	\ng\>\B8\\߬ \l8*\zz\n\\ZI%\\NO\[I[\\tkhn\"ƭqx\Z5\WHҶʹ@Rm$0fΞ/m;=z4\leCf8b\dI\D\\\\\z̺\\8	\'\}\\9s\'\\Tp\k/=ydɓa:\\\\k\a1$\ as4R1m4DL\\\*-,d?\AlB\]:jEeژw\w\'\;\wdZ\\*\H\=&J߀}gu\"\9\\'gn{\rJ\J/;M&4\\\\[H>]1#\~g\2\\\h|w`W)6}\0 s\_\'\Z\=ǰ\oU։VG+?L\'ǖ?\M\I\\\)f\\\"i%\E3\D*Z[M\'&\rb\\b\t4fd-\\`cMr\X\\NS?<W\~d|zJ65\{?\,u\\uiDe9܂)\,L(Y#B5\\\YW\\_D;\Q2!m3\n8\\6\!\0\$\F~}ڑ\}=7@sxF\9y\\MP\|\\6\0>Z!v\\?6p7_yoe@3HBj^IPul\_t\nkb\0\0','6.4.4'),('202304070453444_UpdateRoomType','NewHotelManagement.Migrations.Configuration',_binary '\0\0\0\0\0\0\]Ko\8/A\q\\l`\ \$\\t#N\\G3\.\a\-\ɗ^,\||U,dJw\\Y/8I\\\3\$\\\=\|\\\__vY;\\3\\\d;\\GO(\\r=uB\p\\\\	,k(q~\\;G\m\b/\ʡfZw\\9xf\\\?{(@[\〞l\\#Zaoc[(B({5\+\Zv\=\0\ /\\0.\\mGthRv̡}LC#\\LD\B \k6}cN9/]W\"ے]̽\\n2\@8\}ʺ@\'\\P+\Ě\=,{\Z!\\Z\\q~\o\8{\\Y\N(e\pD\&\ppmk\"ȝRtċ~`[wZ{\N:+\ZF\'\Q\.8	^8+j	Ͷn\\l\̆?m놼b7/ɸ\ZXЉF{Კ\\a\@\2I&\FuBƗ\\rbzɼ%\\hד5HXe.>¼^x\]>|\\	\s96\\#HyIؙ\\c\Fu5̨[\4Ĵ\SZė%/i\G\\S:ѧG2f\ĦY{d\_\\0:.\ci\ȇʄSe\qc%Hn\\\\ro3\٬\\^\6\{f%3ILv\M\\\'\M\'(<\\i\#ֵzD\\3݂UӢѲ\\\ΐ8\Fmf#\^\X\!ycZ?e(hi[a[<đu[]U\:\>\l\Z\W$\y\rl\#es9CK\nyC\DD#\1\ȅ5&\'\"<<eD\\z\NrZ=\@W!hGw3#%]n`ÜrqS#xhX1CxcZj\r^@n\\\`/ƥv\[QN\ژE\\AܟF\\}+\@:\\\ў}\(F\\\\\Q\ZōjrZחq:$QF\;\{3D\j\\H!z@\"\\\(04	>5pApn\K>\\bds;\UEbs\)1A\\\r	jJH\ڌC\\ѥ,\\5Wx\\\f\;U\nR\0\5p:\Z5˻l\ѸTL\\\\}x\z:Tz#LR\\MN`v팁\rf\U\:;\nř0\\o\\\Z\Z\LE7E\(W\$\\̕G\\*\r8\A\'5\Z\0\\\'Ѳ=J؜y&\\־\'Ⱥ\v.\)V\n\Z\\MDeP\F\~+\%\\\U\\SZa_\$\rt\\n\\-\\\\\EHf%\*\r\0\\'\\\r\`QeMeW\'AQLk\Ψs\WIִb\\\NZz\߭ΙY\ZYu\pn`K2V\MzM_E\"Ey\\.^	%u(\8ii7&5\\p?,\\[\\'sG\\"x0=rǃ\\\ʨ:,mG\8yY{,\Ɋ:hA\Z&@Z\F\Q\8ip2\[\@1\"+\ <\KI^\a4|0(3\\'YDeq{\[C푒p,$)\\_neDY֨Ӊ(\eR.\f\j\N9\l\e~Y׹J\E/\`:\(늻d5J\\Q\$\(\e\\\\0/#tqF\r\{hwMl\_3rw9a{\5{XGT\46\m\_oRe5aiN\\1aMHTws`ZntVB\r窻6Tά\Uk\qĚ\i\1\p\\TS7_ѝ\$D\`R\OV\!KM\(Wtemw\2LE\\\\ZhBՆ;rxͪ1+x\\[2Dg\\\=1DU\\\\\\_nrK<GQ.|E-?=+;\\w\R=)B\7{V\&\AzPf\\\0(\m^\<o߼4+s\\\r1oKlpL\(.{Q	\\\{\n8v=\\2W40\ncЙғ]J\m>\'t`&_0\Q? `<<\{\0\Hjz\\\}c\d|c!\EH7F2ߍqDvc!/\\\0bԬqS\rT\M\\\֙g|O\\&\k\2I\6ؗʁ>\\$=mn\\\\\W\\\Z#\8\#h֙\m	z\[I6ln\ANNkli\Xw\X\2\ aT&iRI[\43\@Ce\D\'tٗR\\i|cQs\'M\B9\ s\'9\w\\\\*\=\\\Z\\ZUR\iS>6SY\O\3\s\'r\n^O!Ýo\I\YL\gHe!5EK~rix\Z-!\\UC\\پ55/CIMvZVQq¼V\bt	lz\&\\&5\\5$B\s\5ؔ	\#YEq\@T(\.NG\"?Obb\\;\hIե7h\Ծ:k\'\\Z~9*Mɶ`Am&\ͺ\Q\D\`\8.#J6pqjl\\\"Q5v\\'2\~#(<\%b&a\'\Ӟxn\\\\\Z\撲\\@Sr2\\#w\\ns~w\\|[\\\ \!}zE\6B~a\\'\\A\\zc\0\0','6.4.4'),('202304070457018_RevertUpdateRoomType','NewHotelManagement.Migrations.Configuration',_binary '\0\0\0\0\0\0\\\[o\~/\ \\\\\\6wqĈ3D{\\Jt6i\_և\ʛ$\̢	/\!ɣ\\\0p^p8\g#/I;\G\\:\>v\3Jg\7JI\}\!JOC\%q\Z\\ǓggO0@\8Ӈ]DI?\\yyxKw(}E9Ԭ2T\8\\"\\;\\\\EhC\Ӽ\\\V8X\"\ný\M\h\B\n߶ڭQ\b\Zus\}`3\K(o\8\	xP\D\nhR!(\ZM\ج3E\\K?$\\udi a-L0\z\Љ6?\̊;q滀\<&(8q\xo\p4vAuB-x\ń`\:\D\\\u\3^D\׹A\\0W\igE\# %\'g:VF\WJ\:\6\̅\\ry\~YR\kD`_B\'\fݒ(M\0\\qJr\= 6\P2FoH\\,\-\0$]\tI\.\:D$_\[A˗\4_<scK]?ݩ x\'6TW\\\H֧!]\\"(y]w;\\\#O`s	}z$#xk&\:!l:Kv|\\2Ɵ\|\bs:u\\=w\\=\vb\\\\C/d[>̲{A\$FK\\'\Mq <\\i\1nk\r\c\W\`\\C\H֍t\4p\I1k; @\/V\\5}\\\\\\\\)+CQm\&ۇmG-n\5-\\\+k^t X6\uX\	^Z#\;\!C\>[D\8\c\RY\gJa+\[&\\K\\I9\_V%\U\\\\rH\\.װR\a\\yÄ)\\\Zv\\C\\m<Ÿ\?(*\\\n\&\}\h \\^\	\>\\wI3M\׭?R4J`\\ٴ/\4HfJ/|\(ؐ+BF`-lP\\2\.\KozQ¹+o\\nbi}\CzP/ẅ	\n\q!U]	<E\<\=l8\\no\g,\8ʰ:J.}M\'\r\Zf40Mpi@\TR]wl\4L̡1>`k\Rb̽(\\'\\0\\3+Ư\"\\U(-|lXv)7\\iĥ\()BFNu0\w\U%\.l8\V\C\0:<9\\\>vڋ\ =׶5\/۶\\\\S4	el\Z\\OEgi\P\A`~\\\)M\X/\-/U\t\IC\mp\\rg\',\XO\sj2\V`ScM\0\,Mi;\\f7mض0aV\޲y	k/\NV=}\n \\s\\\a(@I\+n0j\ \B\C|2N^\~\hu9bǣե\Vf\\#+\\Ѹ9+6\\\x0\\s\\Rs2o\)\\Q,4(\ayJ`y9FƣT\8y2\\[\\-(ꡑ2K\IY\c6|Z0)7\\'YEu9V\\Rs,A\\nz$(j\$c\5*\t\"&\E9Gx\Z\-g\{L?/\:7Jh\ݐՆSw\lF)C\"<JSx \YFv$Ø\oOF\-\'-n4\k~FQ<!`a\r\\]b-q.,͍+?\9IR!\s.2V4\Z\+ލ\\QalW\\7\.ƕ̶&<X\1\&\!\5=n\|ʈp\\+0\\\r0\\'\营&e\$:?r8Ck-,\\ZCU\H\U\rc-\{:C\\\\w\%a|.\\a\Z\k8G(_\# gjq\0\l\a\uqo,5\!T|7e\cܤ^}\\"\+Jd>o\:⳨\\\\Aw\{_\&Y\\W\\\'_@x?F0IS?\|\\\\\Z\c\	\ng\>\B8\\߬ \l8*\zz\n\\ZI%\\NO\[I[\\tkhn\"ƭqx\Z5\WHҶʹ@Rm$0fΞ/m;=z4\leCf8b\dI\D\\\\\z̺\\8	\'\}\\9s\'\\Tp\k/=ydɓa:\\\\k\a1$\ as4R1m4DL\\\*-,d?\AlB\]:jEeژw\w\'\;\wdZ\\*\H\=&J߀}gu\"\9\\'gn{\rJ\J/;M&4\\\\[H>]1#\~g\2\\\h|w`W)6}\0 s\_\'\Z\=ǰ\oU։VG+?L\'ǖ?\M\I\\\)f\\\"i%\E3\D*Z[M\'&\rb\\b\t4fd-\\`cMr\X\\NS?<W\~d|zJ65\{?\,u\\uiDe9܂)\,L(Y#B5\\\YW\\_D;\Q2!m3\n8\\6\!\0\$\F~}ڑ\}=7@sxF\9y\\MP\|\\6\0>Z!v\\?6p7_yoe@3HBj^IPul\_t\nkb\0\0','6.4.4'),('202304101211506_BookingInquiryTableCreation','NewHotelManagement.Migrations.Configuration',_binary '\0\0\0\0\0\0\]Ko\6/A\q1q\3\N\iۙƎǍiO7\61zt$cg,[ԓ/=H\\ \\\bT$\~c\s8O8II\'GǮ#/I9sw\\\\\~\\\{\\A\(=s)ݞ\fC\K\4~G^ΐ\\svr2\\0\\\?\\"JB.\\\[Cu\\ -ʡf:P\-	!8F\\G(\\:\A\\Z(_RIm\[(@\\C\iݼ߲\\%Ki\Z+D4[	ڭDBa\6\Lg\\Q\:2\EZA\'gX\n荣6S\y\,v\%,\;\\\\~\\,\\:0uBx?N\\ľ3s\Uꗏx\wo]\0\\\i\'5p(WR/}\X\@CVR\u\Gm\\\y\~YRp%\"]B\'찆\n\+Ɖ?vb8%\\\E(^W$I\a&~G\N\#:\ \+\2D$\\1 \s\OpNOx˩@\+\T qF݋\1\2=(y\]w;\\\j\;й\ݒ	5#w 6\\\\\\8\n\$\b\{#	\\K\\\E@\$\XkdZ\=	\Z\\81N\')).uM\"\ovtBl\Z\\:9[\}\t2r\\I^l\\v\ݻQx1\u[\^uʎ\v\l\\a:wq\\d\nAYٌ}\A\$}$\\#\\\\*\\q (<\\n\E\\\3݃UӪѺ\\\\Z\Ũ팂\0q`ki\NeJq\\_+\\VBEs\-\\}\uv\yzeb-\n\6\s!H\/\\DDNխJaMr.\o\'J\\y^}\'%\?oK\\Hk\0S\a.\y㸛}1cx\{j\rN@n\\\`/KQIv/\j\"\@e\G\d\]0o\Tlr\nJ\ti\L\_|!\\0\JCg\?v^:ӋN\\S.p)v$Yh\Uу\|fJLP\\rjJH\-\nC\lx\gLV\\e\\3]}(\r*)I]\8쭚鲇\hK#*\\RbT\G\ZZLU.&Q\܊B\n=pR0\P.\Y1~ֹa.Bia\e\bkL\F\)\F\\'.\Q\Mz.X4P\w kM/+\LK\]p\\kq\oG)\d\E%Z6;i	\FqB47\\\\+c黨W\UB\\Z\\`&\"\TJae鿶\)U\\\m_e,I/\n泆\5\nLp\E\#\߭\c\c楚\ۊ|pj4pů2	\#\]\L2\\rmILꤕ_oټt+k.g\u\ƊIo\밇(@Iñp0j-\B\}2N^jTd?bͣեf\2gey4.\c\\<_\\\\He@3SG)Bx\@XcAU\0R\\\yƁӆP\ED\\0]A&ehx[aP|1\{YDuq\Cե\Y$+0\/D\JPBj*c\5*\|&-&\yHYSZ*\8K|:1_8;\ZLZ̖M>U\u\Mc,\nS2U,kLS4\KUd\[!Uj+\*Xv\Ӌ\Oׅ\\u)穂+M^y\q\6\Wbn\\:7MB\0ʋ!\r	\\[3Nq\յ5 ZSN\@*(E\QC\\f7J\\pt\X-*E\\r\ZIg6o7)2\+tai\\\!>R6s᧑`^jtVvc\\\y\0sRx\1\!\5>\Np*\fQq:\ns<)\N,51Q\\\\\Zs\:\N\\\ZhBQՆ\\U\ru\\Y\XI\\8Rw\hn0{\\js!D	>6\\+G	\'\\\`u0\\KuIڝr\)7Ww\\漸g\\ޥ\\<\M\\DD|v\x%\[_s7G\>MSG߳TdB\דk~\n)L{Et;j-M廰HG<\g\U:0T8j\)\\)YԤPÓs>Y$pMX	Q|I\8|#k!`\\DCRs\r\jJ\H\l} [6i\Y~aY\'X\ˢ\ɱVP5\r\0(1\\0,%\0f&\R\\",\V\\CkH\m\lX|ce\\ًm&%\[\\d]N忋\7\M;S\\\\,}	\ҹLZ\зq3y\E\t\;wZ\\\\qD1f\=\ZL\1u\r&qE\\\6v\\R\\cfjQMy\Zb\y\ZNaJY\	IF\ZS\nW\+?ѸU\>)\SX<\\0\8%_zy3zݳ8\\V\L6\\;\o\-׫\\ǿ\38\S^}\)Ϥ\|6\{vw1\{n[jQLEy.\RZ\(I\0젛2\nQRG\a~|\\nE\W)Zx\\4u\Qj+t\\nHLL1@:(qը\Ͳb\_K>\0k¢\Z5\\9o\`5Iɦ`\.`ɫ6\\!.\\itP<\n\p2M\Y٨ٵ=\͎nw\@{bS,\f\c&ag\~\f\\\0V\\0\撲\\Bin*\W-Է8\\0\Dk\N漁7\{)A\'BM´ß\~\\y\q\0\0','6.4.4'),('202304131956482_AddingCredentialTable','NewHotelManagement.Migrations.Configuration',_binary '\0\0\0\0\0\0\]\n\6}`A\\㲻_2F9l\e\\\`\Z\DkH,\\`,!rDRK9_\\\\\ryI^^\\\|	\&)3\\\u`\\>g\?~\\\_\rh9R3J\\\'wY\=G!83\ǳ\\\ p	\\oF!\ .\ȃ;*a\$g:\ \x̽~1V [\\\\\<@4hG\QcIsOp8\nv$w;H\= E7N\\=:~O{4+P\>\qhxX\j\j\ ^Ư\\@\~\\NABK*<DpVV?\9rw\9}	<\\' x\_\\0:A64\q	$i\;\\[Xt\p]g\םB\\x\:פ\!0qL\0\Z`2Kfc,@!*%$\uV\\3\\%?]\\n@L)Z%Bd]J8\CE+%A\Z\'\0\ۅ\\; ګg@2^$Ň\\0$]\gpNU\\\\eP0\S`\}?i:\Ef.!v\0FLu\0c\b^k\8ĴKZ\Fϰk\nG[\R\"\\\\\\\֚1\g1p1WqZ1\0r\\\\r\c\\"@\$\\\\P{U:v\\\"&Ӊ䭉\n\єO\\j7{<H:T\rN.y_!L\2eW}Pێ\<3?V	(zݒ{/T\\\bW\Z\Hmt3(͡`\\\ZbsUũ\>0/2o\0Yk\p Ӭl\naI\.Q3xϖJ\68g\n\o\}\\6\m\@XLk4)li\\к\aR\E\q`ji`\NeJq\\?\a[,āuY\Tv\yzec-\\@\܇\O	|{DWHy\\Dx<\\\S\n۠\\N\0\0\I\\6w%\EL\\HY\\\L\r\0;\\r\0\'\nbx\\\\Z<qN\2$bZi\w܊J8z\ЀO䵯\Gi \\'\'X쓄e\OXH\[=<Mce\(\Xߠ\\w\r@\02\"dYAg\?v^\N\\q\D0:t$i\\\'\\)\:$m.\(%EX6%(\:*^i#+qb\\р\LN;J܆J0]\51:\RCuΥSJz\ް^J\\QFVJSߊI2&5`R4 ;\\<\dr)8\n\n fcm\I6څ>1AnE0D觀B.:\0=	\\@\\V\3*,aW\\\Hï\\;\} )<،^xS`ʶ>>\NxPW	i\<Q5D\\1Fu\Z(]\\\;<kKyL_7\\[	YÇ\\a>\(RM\⻍wa1R\\Uk+IdQ{KDf\t\0=>/P*&e[\n\l<i\\-N6\gm危\"UBf\[\:Ⴙ}}6х{E<\=hu>b\V@lY\|(1\Xl\?Ʀ\\,VT\8e>JVȂIZ\\s*\'\cTA,JǸ +\rWg!$)Ϲ1)\rz\ƒsb3>CT\'\cՎN\Gʢ\Y,>-@qyfu`Y\Ȉ󙰙H7+i\fU\nwaLcqv\"4*Iml6\L)\XrxeX\\"2\2(i\M\\\\)6-cs\V\U txo3ڥOO=\M.\:YƭLQf\\*f\\#ƶ jص\\-0,l\ͱњ+\>V\[\\\?05smi\4U\1;\\r\m84x}QT\ܼID\l\0?yH?\0jȻe\5~\EqmrŖn4|\\|JQx\ιn\r\\M-/Z]X\n~k\"M\\Ė*F0\x3:+>\\Cvs\CBY>\1T!\9(6sB\-\\1U\r\2\HOP\\\Fs͑\Ork	U,R\\s\\"hS[dYb6\3\uʒ׹o\J_\is2\\1\|lW\\bAo\\I\u1\\\2\'e\m\\,RI\ȅy.\\d(=T\E\\\3\#\uKTg?sX],MS\F\SZF\0\\\\L zëng(^~\n˅qͣ\ S\p\\\|\ݓd<\\w\M\\\a8\kl\\ZE\\a\A8f7\\\$\jDf$~l\:{\4\f)\gzXքfSFٔd\0k)A_$B~pkk\0@mo+C\\\Y\\Z\\fjf\o5G\rl3%c\ZeNx%$Y\˙ʩw0ιIȑ\9vۓIWp^`\i%吅\rK3֩x}\\\\<\q0G\dɊ3e\"l\66`\nN\\\R\|Gw\rTXdPP#P\)\\N\\\{Bx\ `\Ď2\n\F5\"\nw뻂M\\\'-\Z\.=ܑ/ч)uޜ7T߹Zs9X%tE.\;oCիɨ3ހ^u\@\Z\A\Tmȟi3\\\\-j(Si\o\\ty\mk\\g!1iH*DR8&/ \\'J)iG$IlJ-G7JZ$74D>_)A?H\e{$$+K\7pmD:/d\~3\\\"J=V\O\}\9l\J6mkF\\6\2z˽KhQYD)sK\\\<\xdKp\e!\_F7{\c\e>\\\\\g(|\71.f\"z\>\Q\W\R\\\Z \\Z\\\\bzgܾVH\BP1|ՙ\7\\ˌyۈ{-ؚA\'\iQ\\'×\x\0\0','6.4.4'),('202304131958010_UpdateCredentialTable','NewHotelManagement.Migrations.Configuration',_binary '\0\0\0\0\0\0\]\n\8}`A\\ \\\rlw\n.1o-\e\"Z%\\|\<\\'\/$Z\	\Zy)s9\\%yyuwK8\0IQ\'GǮ#/Q=sݟ\_\~\Z@ˑQz\>a;\R\	 =\n\i8??>\\d	Kg~0\nasG\\=VH\'9չ!Lwg\5Sa\\F(\:\A<L{%\\v#	 {\AR\),qZ\\\{ڣY])CC\\\\V\VCH6~\\=C]\0\\GvZR9\\	$\GQΑ\Y\O\Y8;gz\Y\$K I\$\\\ǢCd\:3\L\\U\\=^F\{׹&\04\r`0\\0c	^0c\nyW)%Yh/a\Og.\:W\eJъ/\"\T\\*Z\-y\r\8\.l(Wݑ\^?c\0\G\n%)>\d\p \\>Cu2`^/C\Ů\\\0|\	L\\/2s9\\r\\5g^lT\ZK\\!]\2=0z]w;\\\zD\|&\T\e\!l>ˏq\∙\/mS+\"\'9䢆\#ud\Lձ\81N$oMT8x\\e4͎PK\\	E\i\\urw\\nd\\o{\\\vl\Ե\\M@l\\\\xd\\&z=*\ \06U<krWRk2rȐ\ŷ\(fm^`3\f\-,LAV$}B\\\\=[*\\8\)pG\\b\3\TU~[C\Bvj[H>3\nā\;u(e\)Vr9\r :h*뇥n\-fٚSu\}\m\ݎL/P\06bs\;b>%q\\^!\u\\1t(\*kR)l_\:A\\\\[\'e\ܕ@1\s3P\"eM;$35\\7\K+\\AISk`L\m:ː؋i߹r+*Ŏ\Qbc>!b׾%䟦}g\\\'	uO%\\Ο\4[|HOy\ʔQA\h9\}dD\rE;@I\ܿI\/op\%\R.`\01t\HҨH=\\CO\\SuI\D]\QJ\\rlJP\t!T6\\FV\Ĝ7֙.vn9\r(a\0\k>ctP[5\ۥ\(K*\ba[J(enEILjh@vBx\E\R$uqJ/*\@\bm}b}%\\!\uQ%\vt\0ro\ZہD\eӭb\cgUX®\_\8wB\'@:\0\1R6Sy&\\'Dm}|\\\'\2\=0xj\!b^\5\QT%vxJU\\0Y*o>\?\(泆/@\+\\|R8s\$\c楊\$\VȢ H!&-͂\>\0z|^TL0\r˶\\ry\\\[/tm\\\csE:Hd}̤\u\\9 \0I\s0j>%>8yR}{\\}\N5k[ز2]\"c\OX06]ŪSʯX2M_dA$-\9ȓ1\{J\\Ƀ\Y\ԆPƳEQ\ܘaֹN\x\!jG\nU\#e\\,H`T-<3\:\\Ĭsd\L\L}IS~3\\*;\0[x\1\8;\ZLؤ̶M6\u&\Ma,S2[,sLm\4\墳ed.\Öl+\*\ʷ\ҧ\&_rE-\\yR.y3\c\Z5\Zk\\r\r6\\ lM̕l\L+\\AY`\ā4qx\\\\\*7\ru\̎tCHtN\+\\A\r\f\47Q:>\0<rè!\\5\ĎWN\I\\;[^\\\=*E\H876\o7)2ua)\\5L!.TR\6\s<\\\3\\nOB\\\0\.eqs\<T\\0QΝ\f0\T50\0\bFU\Bsu\n\5GEU\u&TQJmr͑Ole\\\2\܂ױ*K^\+~\V޹\\r\8Vsg5.r\e1:)0\\\X3\fO\\+X^\ⅻ|Qz΋g\\\\\\\ \\~\Y\8vLq\\!Q(\")Y\Πp	\hǩ\r;őY\'\0Z#ɜ~\)\3Y\pdA\(?5@wgò\Ypdt\s\\wI\@	\Hl!u4o\PAI\9\,6~\1)\4g\\n*\I\aId\\2\X?@\\0AX!,\V\5wu7+\.?3\8AM\c\j\\Zj\\7=NK5\\PHI$ԗ3_YSg\\"s\s\\'\V/\tG&K$}vhS1\rYŹx\`\ \gD0\D\\#\Zyvl,;%\>\0*b\Z[K❱vMɴ26j G \)\\03\n0}8ƗAz7eݾ\5\"\ny\;\\ڷ-җ\Z\N>ܑ/qwޜ\@T_\ZKX18tE@\;҆\8D؟ի\\<ހ^u\R\Z\A\TS\3`\6j({\o\ty\mk\Ͱ!q{H*DR88/ \KJ)H$IlJ-\H7ˈJZ$74D>_)ecI\e{+$+K\7D:/d\~3\&J=V\O\}9l\tK6mk\F\\6\2z˽KhQYD)sK\\\<\xdKp\nf\_F7{\c\e>\\,\\\gL-|\7\.f\"z\>\Q\W\R\\\Z \\Z\\\\bzgܾVH\CCP1|ՙ\7\\ˌyۈ{-\A\'\iQ\\'×\\y\0\0','6.4.4'),('202304141009384_RoomTypeMasterEdit','NewHotelManagement.Migrations.Configuration',_binary '\0\0\0\0\0\0\]\n\8\0 h9H\Iզ\'r*SƔ#N5f0\[\\\fџԿ0|I\")YN\Zq8\K\\}k8/0IQ\\\3ׁ(\\\~\G\\G?|u~)˽\H\(\o/&\{!HOC\%q\Z?\S/\'\'\\\>9?@\,Ǚ\\\"BAǑxe\\ -\I\:Cun@\-\̽}1 \\\\\2@4h\r\'\QcIs/p8ڬ$-$\@¢uq\=\K(o\84<_\Dn5\n5d?\{\\l g\\\n`\:yВʁL \>\O+G.~R\Q+\ę\K\,;\\Y\\\\\0E `N\ZOJ\-L>\"3,|יu\'b媪P/\\"\\߹\\rix`!\\q&\0C0	\1ZGZ\:KF<s\O׹F\/SV|YNvP\\n\+ŉ?va8E\X\\\ DQ\\L\~\0\.\38V\'\*\\cP0\\sa/}?i:\yf.ǖ&vBLusc\j^k\0ĴKZF/k\nG_D\ѹ?ܣ51!l:\q\∙\O#/mc+\\"G9䢆\#ud-\Gձ8\1$oET8Ɣ8\\E4ΎPK\\E\i\\\\\\-_w(\\\\vl\Ե\\M@l\\<\xh\\Fz=*\\/ \06U<krW\Rk2rȐ\ŷ\(fm^`n\d\-,LAV$}F\\\\\[:û8\)wG\\b\3\TU~[C\Bvj[%H>3\nđ\;u(e\)Vr9\r :h*뇥nG\-fٚSu\}\m\ݎHP\r\06bs\;b>%\\#B\\\\%\c\PjU\(.R\\Z\V	\\n&W`\o-y\\x\r\\!l4\&/d\\ɊW\\;W\ZR\A|6\+\'Dd\\Q@i<*\x\	Ѽ-]PWXl\	I8\^i\L%{\1\|>mYhK(i\\\\.~\f^¹+.\\\nC$\<d\|>X\n\y\ޠ˦Eڂ@Be\k4md%N̹[\Z\a\\iG\\PkFUi\}3b\~V/\K:\\x\Ji[1R\V\Ld\'G_UN;QGbQ\5\l\,9)\F\\'&V\Mk(\\PRD J\'qHT\\6\* v=v\pF_%\\n]p\Z)qU܁\\UxP>#e3gr\k~B^{l{_\\vǃJH\X<\!O~̆1z#԰G\\R\Gޖ\\)U]{\\\de\$tHN\Z.vK\E\.\?\?As*DZ[I\"\#\\\"4#\y\R1\7,\Rg\\I+WoYtk/o\5\ 2\Rס߿\0$\r\y\¨\.ܿ\'\\fH\QDs\X:լm\b\\t}4&\c\ ~M\G\Y:Ugq\4}\"B) \T O\Ǩ\\Y*Q\'WgA\\nWPBz\BI#RƑscR&\Z\r\:\f\}N\Ǫ),Tx YQ}.x[\\P\mΑa3nV\%\O\Pk\,\l\=\|\\DhT0a2\6\XkNיtS4\2Lʐi\1Ed\eP&\lSl.\Y\沭\*\fKz<~]\u[癢J\\2T\͘7\G2mkA԰k[6`6Y؄Ü51}3pշeC y`\ct\z\Vi0av\pJ_1wj7L,,\نͨ\F\ry&v\or2NR\\\J׍&\Q)\n?\@\\-~I\mK\aҏqU~Ri8P\\oFg\\atWx2W\.\\QM\1G\c4Uy+\r\\\Yly\xLU+\\\s\:R\\\Zja\*\TY\rm-̭au8\\a\\\\\h\\rD\EArR6\\\)F:rN1ӠuD#\\:\Kv,q\\SzTҫk\zZwSJ\\y\!C|tܯ\r@\\gK`eG\{\\ʿIⵝ	oxkc\\\ \O4 6y\\\0,y*0<[\κ{e5\@g\=`κI<_5Gmc±Y\l\8,ך5Gf?0<}db3[\rx\l\O\02[gOJf\5\X4RL˚1\bs\M\A6%\ZAeέ~P<V?,1\J&\\\\Z\0P\?\;\x\"U?n\f\4e\tn\o513\r\rl蛞\%3:\\EHI \יʅW~\\&\\z\9\Iz+8\K0ǔ4ޑɒ\B߆%\9֩xq\\\\<\qp\U\\ ashdSp\hvΖ\\hTl-%\\5%بEJ\.\'L 0\\ֻiM\\"I\\2Ux\uX\\l\\cl\'\\\}}2O\L]NԚo+^\\h\\Q|g4§\^F=#\\H::Q8\n62E\=sǘ\{n[\n>B%PI\'xI5(8-TMI/\5 Ib3UlI191T\:\$%J=645.\\K%$YYJ%\ChĸlJ\Q\\\K0\0-\nf8zr\:l\\)\\A\m\ZUE{Т\!斜\e\0\&\4\zMnwxä\0|h5\\xE6Oo] \D\q}ء\}\"4@\͵+ҹ\θ\WH7@P1|ՙ\ۀ\\Z\ˌyۈ7ۗ\f\ \\nM´\?\\Ox\"Bk\0x\0\0','6.4.4'),('202304141312597_UpdateBookingFormDtaa','NewHotelManagement.Migrations.Configuration',_binary '\0\0\0\0\0\0\][o\8~_`\E\'\\e6g:\\\&1\to#1Q]<Ivl\\'\_XR7^%,Š//\\\<<\~G\#\r&\\k߃I(\.=\G\0~~˽\H\$_\Ng<x1\Obdi\\ g Lgo_\͛$>\}Q?ȟ\4	\\At0ʫt)P+\|\oSK-aO\Jw!@\Zѽ\$I1_rYl7;\0\$\\Aêi^=5T\q\Z[yW\r\L\4\~3d?\ϴ\\@.0F\9di\(%}A\"}B4@<F_Z\\>\.\^y\]\\+L\>Ɠ<!$t3\W\"3Bߛugr妪T\*\\\i`!\\lpf\0\p\r0\U1VZG\Z\{\\Laᓟw`XT .I%\\ \Kp\\\\iJ\= ګG@6^,\Ǚ\KIvO\X$,G\1@\b\irQ>\\􂗅Z\\#\Z\3\/ɎM6qzm$\\\-i=¾\f}D\2|{&\T܇$<#;\\+xf\<˟H G>^-<V.#D\nNr(EGȺL\P4U\>iLHf)O$oM\LL#ZēXw\|]%\lwL\O(_!]C\r<\\\e\\ܳܺX~d\0{9uf&s,\U*\\/ \0.\\ZV\*^4\ES5=\\N\\Q\˼\\\G-[vfDf3FE\J/9|ɋ,?\\\M\\ƴ\\rȶir-m\Z\\n\\il.AN굛Q lx-5\r|ݩC-8.JyoA҃c[\[<đu[\Uv\yz\cs\\"@\\;F\W\\\zDWH}]DD?=M\\\T۠^\:C\\\\<[\'u`q9\^@@ur\y\#\b\"v\\ƾk}Ɔ̞n4\Z\Mz^xp2o\re\e</p\J\$N[\\\ۺ>\4@2*)/6\CzF\r \\6\\ю,PҠ7}n͢7ԯsA=:4n	\0\Гa\b`V)i{h\"~H-Ѵ89\\h\KMˤ\KmC#J\Z\84VMv3PfD\T>^7\J7Lԡ\Tb,(I\rU\r(N(\w4>\vdBye\eŢxZrRdF\\'.\V\Mz+]%\=)PJXEJ	=HT\\1\: ~=\F_%\\n}p\Ziq\U܃#\uxP=#m3gr	\kqB4^{l{_^vǃJ(\\<\ɪ!Oq솈3z#ԲG\R\Gݖ\U\x\\\dcJ\Z>_ݎ\c*\۔_b,\\ \|дDGJD4iiMG\\2boY0V޺x\\-2n\\ Rr\Qףƀd-\e\Z\\\ӈ>ҿ\'㔩vH\(sDe\R\\V: N7G\>\ds,>\\\\X\0?\R͑\|N3GBy*\B\XyA\$s&Gi\q\8vdqu!T1\<Dd1\"u0&uEoxqS|5\{yX9sP,\\ABT%\١\m娈󙴙(7+eR\\fhUJwqLcq\"*I\m|\\\-\X\nxu,\nX\\\"\**\\\\)끫L[\\!ZEͱXgUȰmϬU\v\n\"[|[t\"c\x\8v\u\\\lci\mi6ļTm鄫!hp$\\\\\(瑳׻\mC݄#\`܅S;OE\oAG\:90o㨡\̵\Ğ\K\!*\1;^\\\S=*E\sI6t\\6)2tai\2\\1.0ORɶ\s2\\\3\J\?\\p\\9e<̱p[A\ϰo!Ե\\# K2\u\&R;M=r61[\Z\\[C,\X[\8vG>lo|Pc\y\"(aq\Z[i\[(t%[c!\=u*\rFzJ-Fϫ\~@婸,\{dQH/7FePsRdi{\2:\\n\\/o\ayY\B[ޕ$\Ctt{\\M)$Jm\5U̅	\G%s\\[猤\йvOfsnH\Z\#\8n\(C3O\\"H\\%\\U2W 9ܿu\\d\\\rAy\̰i\6a\dSRT%\\Z%j\r\Ri\	U\\\*\+\jX\4U#\0JT\e©W~\[\ؚcMv6\'\qqZʢ̭\RT0+r4}Z)zUA߯\ZO\\R\n.k\r,!MwXr$\qзqpu:\ô<wi\Z\\a2\\98\D\ Z_\\4\/s%r>:WK\BqvJT\'.j\Ft22\\!hJ\	,$\rnZȈi\;\7L5\\Χz=熳\X\4ƥrC\P:\\9T\uf<pb\Գ9\Z{nD\:WL\0\8\RNG~\,Ϥm\`fQ%(߹~xy/mk\\M(:DR} vI\r&,+tm-\5H\3u\\//t\z(Q%Zh4X4ڴ\稜BC-\\\!5bZN\h\"\U\8~1Z=քO\}b\r5Dl\|J6moPFSfܧ\%.\"{m%gvpatL\%8/H\^\0;\=\\1\2\\"!N\]\\]\>FH3v\\\'\(\nv_h-ts\t.13n+5\r\Z\Lp\]D\d\eƾm\\|[<ׁf\ !m\\`ɟD\\%|w\0\0','6.4.4'),('202304151535393_Update1Credential','NewHotelManagement.Migrations.Configuration',_binary '\0\0\0\0\0\0\]Ko\8/A\q\\l`\ \tm\'F\-%\!ZDg]\/\\K\ɗ$\tc\\b,\\ӟ_\yI\h枟\G\v\\\??׿L?\K\\=mGzF\\}\xw1\Az\Z\"/\zq8~<ywv\`9\na\\\<<\{,ciQNj\sB\g\\r\Sa\\F4\\:5]DQ&\^|I\\Z\'q]\H\_w{A\na\\\\uGthRw,}\\}!\\J\n%B\"ďD\:\̽C]\\Gv1\R)\\\Y\S\:q\\\'N>\\"\	N\~ \>\nYu\<\\nH\*w0w\d\΄\;;W]~~\un`JC\q&\0C0	\3K(\\_%Ed\|\?\\\\u\˒/\"\t\\*즼i[Po\'S\	\Q]>c\0%zg2\8\vRIV0Cɮ\\R\癹\\#Hy\\\d\&\\0֢aimH/=a\\ݎr{:8\ѹ?ܣ5%1Al:\q\∙\O#/mc+\\"\rG9䤆\#uh-\\r\n\\Z\]\\\\<&\\\Țq(x˗nh\x\#G\W\PmO\.\s\\?`\\G65\'6_\>\&P]\\00	h8\j(\\\E1bUǱHn_\\oQ\ۼ܀g\\-;LA\$}B܏\\\\:û8\iGy\Z݃d>Lk\4TrZշ1Z7Rm %\\\\(pG\X֡y\'Zɑ8 \\׭\\Es\-\Ⱥ\,[S\b\\r۱\Jw \Fl\~E+\\S-\R^\,\O_T+RXxJbk\\[%ȃ+\\\~\\zv\D\5T\'x\ќ<Gp9.\4%Y\\6l\'Dd\׻\x\z\IB\c\Gzb,(\ֵ9\5\\4=)\bo<C#\Ѻ\\\o\D\"dY7i]\n\<sW\\\\ $\r\,z\"6/!\&\rG)7(²)Av \\\\ZMȉ5WpG\b\"3]:|/ .yM\'jf}\Pf@Ŕ>^7\7\0tԡn\T\s1R\VL\n\Ն\ӎl\\Q(-lXv\r1qKN\.	ŕt(^Sѯ{D\fx\Ƚ\Ih\\m%M\n]8\Wa	B\\FJ~w\\e\\0\HɦL.`3z\O\kϴmu\\NxPW	i\<Q5DɋLD\kP\K-\)U][.\2}U\tuQL\'\rgL`#\\(q\\Z\\_/9\\K1T\VȢ H&f\T@\s?	aٖ\8[.OZz\\ͷX\yc,p\\0ilt i`\\`FmOt\=\'/5Co\"Z]X{եf\h\\,S\\`l>Z\\bեHe\>S\,HQdy4=y>F\ZϢT8y;2W\u(2H\ɤ,4\rQ\\r0\ .\Ǫ),T]ņ YQ.\[\\\P\na3nV\%\O\Pk\,\l\=\|\\DhT0a2\6\0mNיrS4\*L\hk1EdCeT\dV\\\U\cs\\,*Wa\+,\U[aW\\r\U)z\,#\uoƔa\X\rk\ݲٲ\\mXi!(p$\c\\\(\3׻\MBYI7\~a\\\\+nFQmF\[P\\dAN\6oF\\0j\;s\5\qrw̖n4T\\|JQ\\%o\r\\M-\`]X\nS~ˬ\"̓M\\\\|*$Wr\]\\\\y\0s\C5Y\1\T!\5n+6\s]\ֱ*.\Zs\:\R\\\ZHTJ5G.\&UE%fe5c UV}3G\;\Q-\XaG\+\V\<ŨF\\)V\Z^\\\cɮ\=uJ\bzJ-FO\\Sq\\uO\_<9{\diG\<:\G\̀4\\:\n\<f*>D\Lm/?\\D8\\]$\S\\ʳőS\YO\lg$\'Κ%>5\\ZKf\"\p\aSYp\\\\'L\Vf@bf\\sٲNM\M\<eX\bs\\A6%9wʩAaɉ\qY\XWxS$\Z\0P\Y\QLI5\o|\<^>\\u\n>_SF&kLq\Zx\MZt\\!e29\\d].ſ\\6!\\\\o\\F^s\;.Y\зa\D\To[8\\b2\s@pC4fS\~\m*\\Jbk)U\P\RrhJu\wb&\\"\\֛,\"/I\\2Ux尾snX{Ť\Z=Vw\\C\8gg\\AsX\\\39\Z;vt\\'\^b\\r\UGԟ)ju\\\L*M\Y j(\_gɼ綵\\ ehI-T鉤D\\nakd0\]hܢ\\%RE\6Ew\$	E\\\z%\44h4iKݦ{\$\Zee+\\f\P\"F^_\hQ\7sCǊoZCR\"[󟣒+E\\ZWMj\r\8*^bnə\\&=jr	N4w٨i\\vw{L\ME\=~?\yz\r1\&׎\\\~\\\\0A7\\H\\;\B4\\0\,ր^f\y#\\3\\5k\^\\+	\\O$:\/?D&;#x\0\0','6.4.4'),('202304241102380_NewChanges','NewHotelManagement.Migrations.Configuration',_binary '\0\0\0\0\0\0\]Ko\8/A\q\\l`\ \tm\'F\-%\!ZDg]\/\\K\ɗ$\tc\\b,\\ӟ_\yI\h枟\G\v\\\??׿L?\K\\=mGzF\\}\xw1\Az\Z\"/\zq8~<ywv\`9\na\\\<<\{,ciQNj\sB\g\\r\Sa\\F4\\:5]DQ&\^|I\\Z\'q]\H\_w{A\na\\\\uGthRw,}\\}!\\J\n%B\"ďD\:\̽C]\\Gv1\R)\\\Y\S\:q\\\'N>\\"\	N\~ \>\nYu\<\\nH\*w0w\d\΄\;;W]~~\un`JC\q&\0C0	\3K(\\_%Ed\|\?\\\\u\˒/\"\t\\*즼i[Po\'S\	\Q]>c\0%zg2\8\vRIV0Cɮ\\R\癹\\#Hy\\\d\&\\0֢aimH/=a\\ݎr{:8\ѹ?ܣ5%1Al:\q\∙\O#/mc+\\"\rG9䤆\#uh-\\r\n\\Z\]\\d\GI\crފ,\8\Zba7F1\\O\\\ak{<\"\{\}xEEf\nusY0P\\#\05\'6\}}&<ʥa`@\!\it\\A\\P\0V\ȋ c\Fc)>ܾ>\]?cF1\ou\6\a	2\\f\Y	\r\=l\\$\\Sx\:\\'\1nku-\\3*\P\iU\\h\HŧEX\s1j;A\.Z`j\ZؾcY\q\j%G\\0G_r\\RX#\lMU\:\6\n\ZW(\L\\O	|<DWHy\Dx?\_F\\\߇\'JW0\I\\7\ˋkN9/0y&B\\"$+r\\j\\i\K&ڧm(٘O\䵯wG \\)G-:Ǣe\YP\ZŭkskZחi\Z{(SF\#\\\y>Fu\߶D\rE;@	C3o\x\\5/ܚy\n箸\o+@*I\Z\7|YDl>_BLr\<RboPeS\"\@3\52Yk\F\DXgt(_2)A]N\V\:\ǹ)}X\o\oX/a\C\\r\V+\\b̭(\Id\'\r-/*٨PZ\xQ(\\Zb6ȗk]\+\&Q._\$()֣{Ǔи\$J.n;p8\v.L8*\\\*<\\\(M\\\fמi\\\\\Z\'\2\=0xj\\*=J\%y[b\S\\\de\$У(N\Z.nGHQ\\C\?\?s*(EA\B-!M8͂©7\~(5}ò-q\\r\K7Xo\X\\\\.\X!3\-}@\p\>ھ\\B\{\"N^jT\EF܁EK\x+g9+\ј/X0X\c\\\\nXTJ\)\QxF(2Ђ<SH\gQB}<+\\AmE<QHz\dR\Z\rb\\V\}ET\cՎ.\G\\\Y?j.@qufuDY\ȈӉH7+i\fU\nwaLcqv\"4*Imld8\L)\XrxeX֘\"Q\2*[k\$Q\VC\\\U\cs\,*Wa\+O-\U[aW\\r\U)z$-#\uo\Pޖadl\ݲ\\v\R-Xi((r$\c\(\\3׻\MYI7/\^g\F\\nFQmu\\\\/eA.\6oF\\0jȻ\5\\qr7ؖn4\\|JQx4\\\o\r\\M-l]X\nS~\"M\\\D*$W\]\q\\\y\0s\m\\\hOb^c\cC:9\[a\a٩Ⲯ5GC8U\uTXMdZs\\"(S[TYb6Z֙[\:\Re\\7cq\/\\\\볹\B9\Z汋\|l\S\nbh\\Hnu1\\*\S-6Wo\\[xw\N(=D\M\\\z5\CnA&z)\c\iG.\\Iu8IS?P\3\\r\c\DT\IMN$m=6@v@M?[9T}\Hr\=\቉Y\\Y\p)}Q,v\(BR:k6ǜ52\^0|8!\	\l5P\\f$~L\:dllsAS\aYgJ؜}]tMINFfr~P|*~Xra\\JN\e\\Տ7E\0[\Zے\\\\\:uQ곟6e\Á\r\$K]>R&Y\\\\O\\\YS?qnrpΜLƤK8\Ջ0ie*!}6y\ANgſ\\0w,&c\l74\0[Ic\Z0E\Z\٦>.CU\[]rrhJ\\wb\\\"\\֛\'oS\\2UsX\$ =Vw\\CD:gg\\Z\Ws4X\A\39\Z;v\\'^\\r\UG)ju\Z\\\L*c\Y+j(\\\\gɼ綵\\S!eȐhI-T鉤\\nakd\0ȵh\\%RE\6YGwE\\\z%\?4~4iKݦ{ʤee+\\#\fQ\"\^_\hQ\7#DǊ0o\nD{\"[ǒ+E\\ZoMj\r\8*^bnə\\&=jr	N|٨i\\\vw{L\Mž\=~\\yz\r\1\&׎\\\~\\\\0A7\\H\\;\B4\\0\,ր^f\y#\\3\\^k\^\\+	\\O$:\/?˕Fy\0\0','6.4.4'),('202304241117522_NewChanges1','NewHotelManagement.Migrations.Configuration',_binary '\0\0\0\0\0\0\]Ko\8/A\q\\l`\ \tm\'F\-%\!ZDg]\/\\K\ɗ$\tc\\b,\\ӟ_\yI\h枟\G\v\\\??׿L?\K\\=mGzF\\}\xw1\Az\Z\"/\zq8~<ywv\`9\na\\\<<\{,ciQNj\sB\g\\r\Sa\\F4\\:5]DQ&\^|I\\Z\'q]\H\_w{A\na\\\\uGthRw,}\\}!\\J\n%B\"ďD\:\̽C]\\Gv1\R)\\\Y\S\:q\\\'N>\\"\	N\~ \>\nYu\<\\nH\*w0w\d\΄\;;W]~~\un`JC\q&\0C0	\3K(\\_%Ed\|\?\\\\u\˒/\"\t\\*즼i[Po\'S\	\Q]>c\0%zg2\8\vRIV0Cɮ\\R\癹\\#Hy\\\d\&\\0֢aimH/=a\\ݎr{:8\ѹ?ܣ5%1Al:\q\∙\O#/mc+\\"\rG9䤆\#uh-\\r\n\\Z\]\\\\<&\\\Țq(x˗nh\x\#G\W\PmO\.\s\\?`\\G65\'6_\>\&P]\\00	h8\j(\\\E1bUǱHn_\\oQ\ۼ܀g\\-;LA\$}B܏\\\\:û8\iGy\Z݃d>Lk\4TrZշ1Z7Rm %\\\\(pG\X֡y\'Zɑ8 \\׭\\Es\-\Ⱥ\,[S\b\\r۱\Jw \Fl\~E+\\S-\R^\,\O_T+RXxJbk\\[%ȃ+\\\~\\zv\D\5T\'x\ќ<Gp9.\4%Y\\6l\'Dd\׻\x\z\IB\c\Gzb,(\ֵ9\5\\4=)\bo<C#\Ѻ\\\o\D\"dY7i]\n\<sW\\\\ $\r\,z\"6/!\&\rG)7(²)Av \\\\ZMȉ5WpG\b\"3]:|/ .yM\'jf}\Pf@Ŕ>^7\7\0tԡn\T\s1R\VL\n\Ն\ӎl\\Q(-lXv\r1qKN\.	ŕt(^Sѯ{D\fx\Ƚ\Ih\\m%M\n]8\Wa	B\\FJ~w\\e\\0\HɦL.`3z\O\kϴmu\\NxPW	i\<Q5DɋLD\kP\K-\)U][.\2}U\tuQL\'\rgL`#\\(q\\Z\\_/9\\K1T\VȢ H&f\T@\s?	aٖ\8[.OZz\\ͷX\yc,p\\0ilt i`\\`FmOt\=\'/5Co\"Z]X{եf\h\\,S\\`l>Z\\bեHe\>S\,HQdy4=y>F\ZϢT8y;2W\u(2H\ɤ,4\rQ\\r0\ .\Ǫ),T]ņ YQ.\[\\\P\na3nV\%\O\Pk\,\l\=\|\\DhT0a2\6\0mNיrS4\*L\hk1EdCeT\dV\\\U\cs\\,*Wa\+,\U[aW\\r\U)z\,#\uoƔa\X\rk\ݲٲ\\mXi!(p$\c\\\(\3׻\MBYI7\~a\\\\+nFQmF\[P\\dAN\6oF\\0j\;s\5\qrw̖n4T\\|JQ\\%o\r\\M-\`]X\nS~ˬ\"̓M\\\\|*$Wr\]\\\\y\0s\C5Y\1\T!\5n+6\s]\ֱ*.\Zs\:\R\\\ZHTJ5G.\&UE%fe5c UV}3G\;\Q-\XaG\+\V\<ŨF\\)V\Z^\\\cɮ\=uJ\bzJ-FO\\Sq\\uO\_<9{\diG\<:\G\̀4\\:\n\<f*>D\Lm/?\\D8\\]$\S\\ʳőS\YO\lg$\'Κ%>5\\ZKf\"\p\aSYp\\\\'L\Vf@bf\\sٲNM\M\<eX\bs\\A6%9wʩAaɉ\qY\XWxS$\Z\0P\Y\QLI5\o|\<^>\\u\n>_SF&kLq\Zx\MZt\\!e29\\d].ſ\\6!\\\\o\\F^s\;.Y\зa\D\To[8\\b2\s@pC4fS\~\m*\\Jbk)U\P\RrhJu\wb&\\"\\֛,\"/I\\2Ux尾snX{Ť\Z=Vw\\C\8gg\\AsX\\\39\Z;vt\\'\^b\\r\UGԟ)ju\\\L*M\Y j(\_gɼ綵\\ ehI-T鉤D\\nakd0\]hܢ\\%RE\6Ew\$	E\\\z%\44h4iKݦ{\$\Zee+\\f\P\"F^_\hQ\7sCǊoZCR\"[󟣒+E\\ZWMj\r\8*^bnə\\&=jr	N4w٨i\\vw{L\ME\=~?\yz\r1\&׎\\\~\\\\0A7\\H\\;\B4\\0\,ր^f\y#\\3\\5k\^\\+	\\O$:\/?D&;#x\0\0','6.4.4'),('202304281111377_addRoomTypeNameInBookingInquiry','NewHotelManagement.Migrations.Configuration',_binary '\0\0\0\0\0\0\]Ko\8/A\q\\l`\ \tm\'F\-%\!ZDg]\/\\K\ɗ$\tc\\b,\\ӟ_\yI\h枟\G\v\\\??׿L?\K\\=mGzF\\}\xw1\Az\Z\"/\zq8~<ywv\`9\na\\\<<\{,ciQNj\sB\g\\r\Sa\\F4\\:5]DQ&\^|I\\Z\'q]\H\_w{A\na\\\\uGthRw,}\\}!\\J\n%B\"ďD\:\̽C]\\Gv1\R)\\\Y\S\:q\\\'N>\\"\	N\~ \>\nYu\<\\nH\*w0w\d\΄\;;W]~~\un`JC\q&\0C0	\3K(\\_%Ed\|\?\\\\u\˒/\"\t\\*즼i[Po\'S\	\Q]>c\0%zg2\8\vRIV0Cɮ\\R\癹\\#Hy\\\d\&\\0֢aimH/=a\\ݎr{:8\ѹ?ܣ5%1Al:\q\∙\O#/mc+\\"\rG9䤆\#uh-\\r\n\\Z\]\\d\GI\crފ,\8\Zba7F1\\O\\\ak{<\"\{\}xEEf\nusY0P\\#\05\'6\}}&<ʥa`@\!\it\\A\\P\0V\ȋ c\Fc)>ܾ>\]?cF1\ou\6\a	2\\f\Y	\r\=l\\$\\Sx\:\\'\1nku-\\3*\P\iU\\h\HŧEX\s1j;A\.Z`j\ZؾcY\q\j%G\\0G_r\\RX#\lMU\:\6\n\ZW(\L\\O	|<DWHy\Dx?\_F\\\߇\'JW0\I\\7\ˋkN9/0y&B\\"$+r\\j\\i\K&ڧm(٘O\䵯wG \\)G-:Ǣe\YP\ZŭkskZחi\Z{(SF\#\\\y>Fu\߶D\rE;@	C3o\x\\5/ܚy\n箸\o+@*I\Z\7|YDl>_BLr\<RboPeS\"\@3\52Yk\F\DXgt(_2)A]N\V\:\ǹ)}X\o\oX/a\C\\r\V+\\b̭(\Id\'\r-/*٨PZ\xQ(\\Zb6ȗk]\+\&Q._\$()֣{Ǔи\$J.n;p8\v.L8*\\\*<\\\(M\\\fמi\\\\\Z\'\2\=0xj\\*=J\%y[b\S\\\de\$У(N\Z.nGHQ\\C\?\?s*(EA\B-!M8͂©7\~(5}ò-q\\r\K7Xo\X\\\\.\X!3\-}@\p\>ھ\\B\{\"N^jT\EF܁EK\x+g9+\ј/X0X\c\\\\nXTJ\)\QxF(2Ђ<SH\gQB}<+\\AmE<QHz\dR\Z\rb\\V\}ET\cՎ.\G\\\Y?j.@qufuDY\ȈӉH7+i\fU\nwaLcqv\"4*Imld8\L)\XrxeX֘\"Q\2*[k\$Q\VC\\\U\cs\,*Wa\+O-\U[aW\\r\U)z$-#\uo\Pޖadl\ݲ\\v\R-Xi((r$\c\(\\3׻\MYI7/\^g\F\\nFQmu\\\\/eA.\6oF\\0jȻ\5\\qr7ؖn4\\|JQx4\\\o\r\\M-l]X\nS~\"M\\\D*$W\]\q\\\y\0s\m\\\hOb^c\cC:9\[a\a٩Ⲯ5GC8U\uTXMdZs\\"(S[TYb6Z֙[\:\Re\\7cq\/\\\\볹\B9\Z汋\|l\S\nbh\\Hnu1\\*\S-6Wo\\[xw\N(=D\M\\\z5\CnA&z)\c\iG.\\Iu8IS?P\3\\r\c\DT\IMN$m=6@v@M?[9T}\Hr\=\቉Y\\Y\p)}Q,v\(BR:k6ǜ52\^0|8!\	\l5P\\f$~L\:dllsAS\aYgJ؜}]tMINFfr~P|*~Xra\\JN\e\\Տ7E\0[\Zے\\\\\:uQ곟6e\Á\r\$K]>R&Y\\\\O\\\YS?qnrpΜLƤK8\Ջ0ie*!}6y\ANgſ\\0w,&c\l74\0[Ic\Z0E\Z\٦>.CU\[]rrhJ\\wb\\\"\\֛\'oS\\2UsX\$ =Vw\\CD:gg\\Z\Ws4X\A\39\Z;v\\'^\\r\UG)ju\Z\\\L*c\Y+j(\\\\gɼ綵\\S!eȐhI-T鉤\\nakd\0ȵh\\%RE\6YGwE\\\z%\?4~4iKݦ{ʤee+\\#\fQ\"\^_\hQ\7#DǊ0o\nD{\"[ǒ+E\\ZoMj\r\8*^bnə\\&=jr	N|٨i\\\vw{L\Mž\=~\\yz\r\1\&׎\\\~\\\\0A7\\H\\;\B4\\0\,ր^f\y#\\3\\^k\^\\+	\\O$:\/?˕Fy\0\0','6.4.4');
/*!40000 ALTER TABLE `__migrationhistory` ENABLE KEYS */;
UNLOCK TABLES;

--
-- Table structure for table `admindatas`
--

DROP TABLE IF EXISTS `admindatas`;
/*!40101 SET @saved_cs_client     = @@character_set_client */;
/*!50503 SET character_set_client = utf8mb4 */;
CREATE TABLE `admindatas` (
  `UserId` int NOT NULL AUTO_INCREMENT,
  `UserName` longtext NOT NULL,
  `UserPassword` longtext,
  `UserAvtaar` longtext NOT NULL,
  `FirstName` longtext NOT NULL,
  `MiddleName` longtext,
  `LastName` longtext NOT NULL,
  `Gender` longtext NOT NULL,
  `Email` longtext NOT NULL,
  `Phone` longtext NOT NULL,
  `Address` longtext NOT NULL,
  `City` longtext NOT NULL,
  `State` longtext NOT NULL,
  `Pincode` longtext NOT NULL,
  `CreatedDate` longtext,
  `CreatedBy` longtext,
  `IsActive` int NOT NULL,
  `OTP` longtext,
  `OTP_Start_Time` longtext,
  `OTP_End_Time` longtext,
  `Position` longtext,
  PRIMARY KEY (`UserId`)
) ENGINE=InnoDB AUTO_INCREMENT=6 DEFAULT CHARSET=utf8mb4 COLLATE=utf8mb4_0900_ai_ci;
/*!40101 SET character_set_client = @saved_cs_client */;

--
-- Dumping data for table `admindatas`
--

LOCK TABLES `admindatas` WRITE;
/*!40000 ALTER TABLE `admindatas` DISABLE KEYS */;
INSERT INTO `admindatas` VALUES (1,'skydubey','Aakash#12','https://drive.google.com/uc?export=view&id=13a4XIJG1TkIdYbjRuLAwOwrg4R_JuaZy','Aakash','Rakesh','Dubey','Male','skydubey01@gmail.com','9316965429','Ahmedabad,Gujarat','Ahmedabad','Gujarat','382413','N/A','Aakash Dubey',1,'6xBDnP','2023-04-14 16:11:20','2023-04-14 16:13:20','Manager'),(2,'admin','Aakash@12','https://images.unsplash.com/photo-1550686041-366ad85a1355?ixlib=rb-4.0.3&ixid=MnwxMjA3fDB8MHxzZWFyY2h8MTd8fHJhbmRvbXxlbnwwfHwwfHw%3D&auto=format&fit=crop&w=600&q=60','Master','-','Admin','Male','admin@gmail.com','9316965428','Thane , Mumbai','Mumbai','Maharashtra','382587','2023-03-29','Admin',0,'4e9cc3','2023-03-10 12:56:13','2023-03-10 12:58:13','Peon'),(4,'skydubey01','Aakash@12','No Avtaar','Aakash',NULL,'Dubey','Male','aakash@gmail.com','9316965427','Address','Ahmedabad','Gujarat','382415','2023-04-12 11:38:39','Aakash Dubey',1,'gVMAsL','2023-04-14 16:10:23','2023-04-14 16:12:23','Manager'),(5,'neermed','Admin@123','https://yt3.googleusercontent.com/ytc/AL5GRJXbeRWIEWWA1viojEyHzdWsd07-YnGmUFkvPfbRLw=s900-c-k-c0x00ffffff-no-rj','Neerav',NULL,'Medatwal','Male','neer.med@gmail.com','9772019333','sanganer, \'jaipur','jaipur','456','302029','2023-04-17 10:32:52','1',1,NULL,NULL,NULL,'Admin');
/*!40000 ALTER TABLE `admindatas` ENABLE KEYS */;
UNLOCK TABLES;

--
-- Table structure for table `credentials`
--

DROP TABLE IF EXISTS `credentials`;
/*!40101 SET @saved_cs_client     = @@character_set_client */;
/*!50503 SET character_set_client = utf8mb4 */;
CREATE TABLE `credentials` (
  `Credential_Id` int NOT NULL AUTO_INCREMENT,
  `Credential_Mail` longtext NOT NULL,
  `Credential_Password` longtext NOT NULL,
  `IsActive` longtext,
  PRIMARY KEY (`Credential_Id`)
) ENGINE=InnoDB AUTO_INCREMENT=2 DEFAULT CHARSET=utf8mb4 COLLATE=utf8mb4_0900_ai_ci;
/*!40101 SET character_set_client = @saved_cs_client */;

--
-- Dumping data for table `credentials`
--

LOCK TABLES `credentials` WRITE;
/*!40000 ALTER TABLE `credentials` DISABLE KEYS */;
INSERT INTO `credentials` VALUES (1,'skydubey01@gmail.com','upfuvlwhixdyzcko','1');
/*!40000 ALTER TABLE `credentials` ENABLE KEYS */;
UNLOCK TABLES;

--
-- Table structure for table `data_value`
--

DROP TABLE IF EXISTS `data_value`;
/*!40101 SET @saved_cs_client     = @@character_set_client */;
/*!50503 SET character_set_client = utf8mb4 */;
CREATE TABLE `data_value` (
  `Data_Id` int NOT NULL AUTO_INCREMENT,
  `Module` int NOT NULL,
  `TypeId` int NOT NULL,
  `Value` longtext,
  `IsActive` int NOT NULL,
  PRIMARY KEY (`Data_Id`),
  KEY `Module_idx` (`Module`),
  KEY `TypeId_idx` (`TypeId`),
  CONSTRAINT `Module` FOREIGN KEY (`Module`) REFERENCES `module_master` (`Module_Id`),
  CONSTRAINT `TypeId` FOREIGN KEY (`TypeId`) REFERENCES `masterelements` (`Element_Id`)
) ENGINE=InnoDB AUTO_INCREMENT=138 DEFAULT CHARSET=utf8mb4 COLLATE=utf8mb4_0900_ai_ci;
/*!40101 SET character_set_client = @saved_cs_client */;

--
-- Dumping data for table `data_value`
--

LOCK TABLES `data_value` WRITE;
/*!40000 ALTER TABLE `data_value` DISABLE KEYS */;
INSERT INTO `data_value` VALUES (1,1,1,'Welcome To Raghunath Bagh Palace',1),(2,1,2,'Finest Luxury & Heritage Resort of Rajasthan.',1),(13,2,1,' \"Escape to Paradise: Unwind at Our Open-Air Resort\"',1),(14,2,3,' \"Discover a world of comfort and luxury surrounded by breathtaking natural beauty at our resort. Immerse yourself in the serene atmosphere and enjoy endless opportunities for rest and recreation.\"',1),(15,2,3,' \"Whether you are looking to recharge, reconnect with nature, or make new memories, our open air resort has something for everyone. With its idyllic setting and attention to detail, you are sure to leave feeling refreshed and rejuvenated.\"',1),(20,2,15,' /Content/assets/img/RaghunathBaghPalace/image1.jpg',1),(45,5,1,'Click To Book Your Room Right Now!',1),(46,5,2,'\"Book your stay today and experience luxury like never before!\"',1),(47,5,18,'Book Now',1),(48,5,15,'/Content/assets/img/RaghunathBaghPalace/Unsplash.jpg',1),(49,6,18,'ROOMS',1),(50,6,18,'RESORTS',1),(51,6,18,'AMENITIES',1),(61,7,15,'/Content/assets/img/testimonials-bg.jpg',1),(110,9,13,'Ghata Jaldhari, Jaipur, India, Rajasthan',1),(111,9,12,'capt.vishvedndra@yahoo.com',1),(112,9,11,'+918238785195',1),(113,9,19,'https://www.google.com/maps/embed?pb=!1m18!1m12!1m3!1d3552.2630993487364!2d75.98075821468831!3d27.084998959173!2m3!1f0!2f0!3f0!3m2!1i1024!2i768!4f13.1!3m3!1m2!1s0x396da5a7bb9e3261%3A0x8e8858e05f2fce89!2sRaghunath%20Bagh%20Palace%20%2C%20Jaipur!5e0!3m2!1sen!2sin!4v1675838725712!5m2!1sen!2sin',1),(114,9,10,'Company-Social-Handle-1',1),(115,9,10,'Company-Social-Handle-2',1),(116,9,10,'Company-Social-Handle-3',1),(117,9,10,'Company-Social-Handle-4',1),(118,9,14,'/Content/assets/img/RaghunathBaghPalace/logo.jpg',1),(125,3,15,' /Content/assets/img/RaghunathBaghPalace/Image2.jpg',1),(126,1,20,'bi bi-house-heart-fill:Home Like Comfort:1,bi bi-tree-fill:Traditional Luxury:1,bi bi-person-hearts:Friendly Staff:1,bi bi-cup-hot-fill:Rich Quality Food:1,bi bi-image-alt:Best Nature Views:1',1),(127,2,21,'ri-check-double-line: Spacious accommodations with breathtaking views,ri-check-double-line: Delicious dining options showcasing local cuisine,ri-check-double-line: Eco-friendly practices to preserve the natural surroundings,ri-check-double-line: Friendly and attentive staff ensuring a truly memorable experience',1),(128,1,15,'/Content/assets/img/RaghunathBaghPalace/Image2.jpg',1),(129,3,22,'bi bi-tree-fill:Open Air Nature Friendly Space:Nature walks and wildlife viewing opportunities:1,bi bi-person-hearts:Friendly and Helpful Staff:Our Staffs are very friendly and helpful:1,bi bi-water:Amenities:Top Class Amenities like Pool Spa & Open Space Area:1,bi bi-shield-fill-check:Best in Class Safety & Privacy:We respect your privacy and safety:1',1),(130,4,23,'bi bi-hospital-fill : Accomodation : Rooms and suites with various amenities such as private bathrooms televisions mini-bars etc. :mt-0:100:1,bi bi-cup-hot-fill : Dining : Restaurants and cafes offering a range of cuisine optionsoften including room service. :mt-4 mt-md-0:200:1,bi bi-water : Recreational activities : Amenities such as swimming pools fitness centers spas and sports facilities. :mt-4 mt-lg-0:300:1,bi bi-tree-fill : Eco-friendly initiatives  : Initiatives such as energy-efficient and environmentally responsible practices. :mt-4:100:1,bi bi-image-alt : Concierge services : Services including information and assistance with local attractions events and transportation arrangements. :mt-4:200:1,bi bi-person-fill : Extra Housekeeping Services : Laundry and dry cleaning services. :mt-4:300:1',1),(131,6,24,'Image1Name;Image1Description;/Content/assets/img/RaghunathBaghPalace/f01.jpg;1;1,Image2Name;Image2Description;/Content/assets/img/RaghunathBaghPalace/f1.jpg;3;1,Image3Name;Image3Description;/Content/assets/img/RaghunathBaghPalace/f2.jpg;1;1,Image4Name;Image4Description;/Content/assets/img/portfolio/portfolio-4.jpg;2;1,Image5Name;Image5Description;/Content/assets/img/portfolio/portfolio-5.jpg;3;1,Image6Name;Image6Description;/Content/assets/img/portfolio/portfolio-6.jpg;1;1,Image7Name;Image7Description;/Content/assets/img/portfolio/portfolio-7.jpg;2;1,Image8Name;Image8Description;/Content/assets/img/portfolio/portfolio-8.jpg;2;1,Image9Name;Image9Description;/Content/assets/img/portfolio/portfolio-9.jpg;3;1,BSE;Bombay Stock Exchange Mumbai;https://drive.google.com/uc?id=1jlWYN2Um7ZraL6Kj609XkVHu4hB3sF4g;1;1',1),(132,7,25,'/Content/assets/img/testimonials/testimonials-1.jpg;Saul Goodman;Position1;Feedback1;1,/Content/assets/img/testimonials/testimonials-2.jpg;Saul Goodman2;Position2;Feedback2;1,/Content/assets/img/testimonials/testimonials-3.jpg;Saul Goodman3;Position3;Feedback3;1,/Content/assets/img/testimonials/testimonials-4.jpg;Saul Goodman4;Position4;Feedback4;1,/Content/assets/img/testimonials/testimonials-5.jpg;Saul Goodman5;Position5;Feedback5;1',1),(133,8,26,'/Content/assets/img/RaghunathBaghPalace/f01.jpg;Vishvedndra Singh Rajawat;Chief Executive Officer;TwitterLink1;FacebookLink1;InstagramLink1;LinkedInLink1;1,/Content/assets/img/team/team-2.jpg;Sarah Jhonson;Product Manager;TwitterLink2;FacebookLink2;InstagramLink2;LinkedInLink2;1,/Content/assets/img/team/team-3.jpg;William Anderson;CTO;TwitterLink3;FacebookLink3;InstagramLink3;LinkedInLink3;1,/Content/assets/img/team/team-4.jpg;Amanda Jepson;Accountant;TwitterLink4;FacebookLink4;InstagramLink4;LinkedInLink4;1',1),(134,11,27,'Home : 1 : hero : active,\nAbout : 1 : about : ,\nServices : 1 : services : ,\nGallery : 1 : portfolio : ,\nTeam : 1 : team : ,\nOur Rooms : 1 :  : ,\nContact : 1 : contact : \n',1),(135,11,28,'/Content/assets/img/RaghunathBaghPalace/logo.jpg',1),(136,11,18,'Book Your Stay',1),(137,10,11,'+918238785195',1);
/*!40000 ALTER TABLE `data_value` ENABLE KEYS */;
UNLOCK TABLES;

--
-- Table structure for table `masterelements`
--

DROP TABLE IF EXISTS `masterelements`;
/*!40101 SET @saved_cs_client     = @@character_set_client */;
/*!50503 SET character_set_client = utf8mb4 */;
CREATE TABLE `masterelements` (
  `Element_Id` int NOT NULL AUTO_INCREMENT,
  `Element_Name` longtext NOT NULL,
  `IsActive` tinyint(1) NOT NULL,
  PRIMARY KEY (`Element_Id`)
) ENGINE=InnoDB AUTO_INCREMENT=29 DEFAULT CHARSET=utf8mb4 COLLATE=utf8mb4_0900_ai_ci;
/*!40101 SET character_set_client = @saved_cs_client */;

--
-- Dumping data for table `masterelements`
--

LOCK TABLES `masterelements` WRITE;
/*!40000 ALTER TABLE `masterelements` DISABLE KEYS */;
INSERT INTO `masterelements` VALUES (1,'Heading',1),(2,'Heading_Secondary',1),(3,'Paragraph',1),(4,'Details_Heading',1),(5,'Details_Paragraph',1),(6,'Feature_Heading',1),(7,'Feature_Paragraph',1),(8,'Name',1),(9,'Position',1),(10,'Social_Handle',1),(11,'Mobile',1),(12,'E-Mail',1),(13,'Address',1),(14,'Icon',1),(15,'Images',1),(16,'Room_Image',1),(17,'Feedback',1),(18,'Btn_Text',1),(19,'Map',1),(20,'Feature_with_icon_title',1),(21,'About_Features_list',1),(22,'Feature_Section_List',1),(23,'Services_Sectoin',1),(24,'Gallery_Section',1),(25,'Feedback_Section_Llist',1),(26,'Team_Section_List',1),(27,'Navigation_Menu_List',1),(28,'Logo',1);
/*!40000 ALTER TABLE `masterelements` ENABLE KEYS */;
UNLOCK TABLES;

--
-- Table structure for table `module_master`
--

DROP TABLE IF EXISTS `module_master`;
/*!40101 SET @saved_cs_client     = @@character_set_client */;
/*!50503 SET character_set_client = utf8mb4 */;
CREATE TABLE `module_master` (
  `Module_Id` int NOT NULL AUTO_INCREMENT,
  `ModuleName` longtext NOT NULL,
  `IsActive` int NOT NULL,
  `IsDisplayToNavbar` int NOT NULL,
  `Module_Href` longtext NOT NULL,
  PRIMARY KEY (`Module_Id`)
) ENGINE=InnoDB AUTO_INCREMENT=12 DEFAULT CHARSET=utf8mb4 COLLATE=utf8mb4_0900_ai_ci;
/*!40101 SET character_set_client = @saved_cs_client */;

--
-- Dumping data for table `module_master`
--

LOCK TABLES `module_master` WRITE;
/*!40000 ALTER TABLE `module_master` DISABLE KEYS */;
INSERT INTO `module_master` VALUES (1,'Home',1,1,'#home'),(2,'About',1,1,'#about'),(3,'Features',1,0,''),(4,'Services',1,1,'#services'),(5,'CTA_Section',1,0,''),(6,'Gallery',1,1,'#gallery'),(7,'Feedback',1,0,''),(8,'Team',1,0,''),(9,'Contact',1,1,'#contact'),(10,'Our Rooms',1,1,'ourrooms'),(11,'Navigation_Menu',1,0,'');
/*!40000 ALTER TABLE `module_master` ENABLE KEYS */;
UNLOCK TABLES;

--
-- Table structure for table `roominquirydetails`
--

DROP TABLE IF EXISTS `roominquirydetails`;
/*!40101 SET @saved_cs_client     = @@character_set_client */;
/*!50503 SET character_set_client = utf8mb4 */;
CREATE TABLE `roominquirydetails` (
  `Id` int NOT NULL AUTO_INCREMENT,
  `ClientName` longtext,
  `ClientEmail` longtext,
  `ClientMobile` longtext,
  `ClientRoomCount` longtext,
  `ClientPersonCount` longtext,
  `ClientCheckInDate` longtext,
  `ClientCheckOutDate` longtext,
  `ClientRoomTypeId` longtext,
  `ClientTicketId` longtext,
  `BookingTime` longtext,
  `ClientRoomTypeName` longtext,
  PRIMARY KEY (`Id`)
) ENGINE=InnoDB AUTO_INCREMENT=59 DEFAULT CHARSET=utf8mb4 COLLATE=utf8mb4_0900_ai_ci;
/*!40101 SET character_set_client = @saved_cs_client */;

--
-- Dumping data for table `roominquirydetails`
--

LOCK TABLES `roominquirydetails` WRITE;
/*!40000 ALTER TABLE `roominquirydetails` DISABLE KEYS */;
INSERT INTO `roominquirydetails` VALUES (4,'ExampleName','ExampleEmail','ExampleMobile','1','1','ExampleCheckInDate','ExampleCheckOutDate','1','ExampleTicketId',NULL,NULL),(5,'Aakash Dubey','skydubey02@gmail.com','9316965429','1','1','2023-04-10','2023-04-14','1','RBP- Ow2TTY',NULL,NULL),(6,'Rakesh Dubey','rakeshdubey7335@gmail.com','7043331891','1','1','2023-04-12','2023-04-14','1','RBP- Tsy1t6',NULL,NULL),(7,'Aakash Dubey','skydubey02@gmail.com','9316965429','1','1','2023-04-14','2023-04-29','3','RBP- L0JxiG','2023-04-14 18:46:15',NULL),(8,'Akash Dubey ','skydubey@gmail.com','9316965429','1','1','2023-04-14','2023-04-30','8','RBP- ETjRMh','2023-04-14 21:50:24',NULL),(9,'Testing','testing@gmail.com','9316965429','1','1','2023-04-14','2023-04-15','1','RBP- 8L5BAP','2023-04-14 22:07:25',NULL),(10,'Akash Dubey ','testing@gmail.com','6351398529','1','1','2023-04-14','2023-04-22','1','RBP- Q5CGyi','2023-04-14 22:20:04',NULL),(11,'Himanshu Dubey','himanshu@gmail.com','9898120153','1','1','2023-04-16','2023-04-17','1','RBP- DebItu','2023-04-15 14:30:47',NULL),(12,'Dimple Tiwari ','dimpledubey929@gmail.com','6351398529','1','1','2023-04-15','2023-05-03','1','RBP- l4gbCq','2023-04-15 14:36:59',NULL),(13,'Akash Dubey ','testing@gmail.com','6351398529','1','1','2023-04-15','2023-04-16','1','RBP- Z2ZHAH','2023-04-15 14:37:40',NULL),(14,'Himanshu Dubey','himanshu@gmail.com','6351398529','1','1','2023-04-15','2023-04-30','8','RBP- VH4mWO','2023-04-15 14:54:44',NULL),(15,'Akash Dubey ','testing@gmail.com','6351398529','1','1','2023-04-15','2023-04-20','1','RBP- 6J6yAl','2023-04-15 15:31:00',NULL),(16,'Akash Dubey ','skydubey01@gmail.com','9316965429','1','1','2023-04-15','2023-04-30','2','RBP- eV2aJA','2023-04-15 15:32:39',NULL),(17,'Akash Dubey ','skydubey01@gmail.com','9316965429','1','1','2023-04-15','2023-05-05','3','RBP- KIHmZZ','2023-04-15 15:34:16',NULL),(18,'Akash Dubey ','testing@gmail.com','6351398529','1','1','2023-04-15','2023-04-21','1','RBP- vSsjKp','2023-04-15 15:35:42',NULL),(19,'Akash Dubey ','skydubey01@gmail.com','6351398529','1','1','2023-04-15','2023-04-28','3','RBP- dpRDeL','2023-04-15 15:42:59',NULL),(20,'Akash Dubey ','testing@gmail.com','6351398529','1','1','2023-04-16','2023-04-30','1','RBP- 6s7H9U','2023-04-15 15:45:01',NULL),(21,'Akash Dubey ','skydubey01@gmail.com','6351398529','1','1','2023-04-15','2023-04-28','1','RBP- 6hKzUi','2023-04-15 15:52:46',NULL),(22,'Akash Dubey ','skydubey01@gmail.com','6351398529','1','1','2023-04-19','2023-04-28','1','RBP- 47grOF','2023-04-15 15:54:30',NULL),(23,'Akash Dubey ','skydubey@gmail.com','6351398529','1','1','2023-04-25','2023-04-28','1','RBP- IhDV3m','2023-04-15 16:00:36',NULL),(24,'Akash Dubey ','skydubey01@gmail.com','6351398529','1','1','2023-04-16','2023-04-29','1','RBP- 2fE2uo','2023-04-15 16:02:15',NULL),(25,'Akash Dubey ','skydubey01@gmail.com','6351398529','1','1','2023-04-16','2023-04-29','1','RBP- stLzmy','2023-04-15 16:02:28',NULL),(26,'Akash Dubey ','skydubey01@gmail.com','6351398529','1','1','2023-04-28','2023-04-29','1','RBP- tfuowr','2023-04-15 16:05:04',NULL),(27,'Akash Dubey ','skydubey01@gmail.com','6351398529','1','1','2023-04-28','2023-05-04','1','RBP- bJpdBr','2023-04-15 16:09:15',NULL),(28,'Akash Dubey ','skydubey01@gmail.com','6351398529','1','1','2023-04-21','2023-04-27','1','RBP- k69gxh','2023-04-15 16:15:21',NULL),(29,'Akash Dubey ','skydubey01@gmail.com','6351398529','1','1','2023-04-21','2023-05-04','1','RBP- FGXk57','2023-04-15 16:24:01',NULL),(30,'Akash Dubey ','skydubey01@gmail.com','6351398529','1','1','2023-04-23','2023-05-05','1','RBP- 5QNtiN','2023-04-15 16:27:00',NULL),(31,'Akash Dubey ','skydubey01@gmail.com','6351398529','1','1','2023-04-20','2023-04-28','1','RBP- EWUOcc','2023-04-15 16:27:46',NULL),(32,'Akash Dubey ','skydubey01@gmail.com','6351398529','1','1','2023-05-04','2023-05-06','1','RBP- ngJrjP','2023-04-15 16:39:34',NULL),(33,'Akash Dubey ','skydubey01@gmail.com','6351398529','1','1','2023-04-15','2023-05-05','1','RBP- dVCQcO','2023-04-15 16:43:51',NULL),(34,'Akash Dubey ','skydubey01@gmail.com','6351398529','1','1','2023-04-21','2023-05-05','1','RBP- 5I9Zvu','2023-04-15 16:45:27',NULL),(35,'Akash Dubey ','skydubey01@gmail.com','6351398529','1','1','2023-04-21','2023-04-25','1','RBP- TRhFrH','2023-04-15 16:46:00',NULL),(36,'Akash Dubey ','skydubey01@gmail.com','6351398529','1','1','2023-04-21','2023-05-04','1','RBP- Yf2UHz','2023-04-15 16:47:03',NULL),(37,'Akash Dubey ','skydubey01@gmail.com','6351398529','1','1','2023-04-21','2023-04-28','1','RBP- zlqx0C','2023-04-15 16:48:01',NULL),(38,'Akash Dubey ','skydubey01@gmail.com','6351398529','1','1','2023-04-15','2023-05-04','3','RBP- 3GjztF','2023-04-15 16:55:23',NULL),(39,'Akash Dubey ','skydubey01@gmail.com','6351398529','1','1','2023-04-21','2023-04-28','1','RBP- f6cF9x','2023-04-15 16:56:34',NULL),(40,'Akash Dubey ','skydubey01@gmail.com','6351398529','1','1','2023-04-20','2023-05-04','1','RBP- n99Bfi','2023-04-15 17:05:02',NULL),(41,'Akash Dubey ','skydubey01@gmail.com','6351398529','1','1','2023-04-20','2023-05-04','1','RBP- EOawUf','2023-04-15 17:07:34',NULL),(42,'Akash Dubey ','skydubey01@gmail.com','6351398529','1','1','2023-04-21','2023-04-27','1','RBP- 1t3Kkj','2023-04-15 18:23:39',NULL),(43,'Neerav Medatwal','neer.med@gmail.com','9772019333','1','2','2023-04-17','2023-04-19','1','RBP- pfdQJZ','2023-04-17 10:44:24',NULL),(44,'a','skydubey02@gmail.com','9316965429','1','16','2023-04-17','2023-04-30','1','RBP- Jy1D7R','2023-04-17 10:45:17',NULL),(45,'Aakash Dubey','skydubeyofficial@gmail.com','9316965421','1','3','2023-04-26','2023-04-30','8','RBP- XybOop','2023-04-24 16:05:09',NULL),(46,'Aakash Dubey','skydubeyofficial@gmail.com','9316965429','5','20','2023-04-29','2023-05-07','1','RBP- ujmhQn','2023-04-28 16:28:50',NULL),(47,'Aakash Dubey','skydubey02@gmail.com','9316965429','1','4','2023-04-28','2023-05-30','8','RBP- YM4MNB','2023-04-28 16:47:54',NULL),(48,'Test','test@gmail.com','9316965428','1','4','2023-04-01','2023-04-29','1','123456','2023-04-28 16:59:02',NULL),(49,'Test','test@gmail.com','9316965428','1','4','2023-04-01','2023-04-29','1','123456','2023-04-28 16:59:32',NULL),(50,'Test','test@gmail.com','9316965428','1','4','2023-04-01','2023-04-29','1','123456','2023-04-28 17:01:37',NULL),(51,'Test','test@gmail.com','9316965428','1','4','2023-04-01','2023-04-29','1','123456','2023-04-28 17:02:49',NULL),(52,'Test','test@gmail.com','9316965428','1','4','2023-04-01','2023-04-29','1','123456','2023-04-28 17:04:19',NULL),(53,'Test','test@gmail.com','9316965428','1','4','2023-04-01','2023-04-29','1','123456','2023-04-28 17:08:21',NULL),(54,'Test','test@gmail.com','9316965428','1','4','2023-04-01','2023-04-29','1','123456','2023-04-28 17:09:12',NULL),(55,'Test','test@gmail.com','9316965428','1','4','2023-04-01','2023-04-29','1','123456','2023-04-28 17:10:56',NULL),(56,'Test','test@gmail.com','9316965428','1','4','2023-04-01','2023-04-29','1','123456','2023-04-28 17:23:52',NULL),(57,'Test','test@gmail.com','9316965428','1','4','2023-04-01','2023-04-29','1','123456','2023-04-28 17:33:48','Room Sea View '),(58,'Test','test@gmail.com','9316965428','1','4','2023-04-01','2023-04-29','5','123456','2023-04-28 17:42:58','Royal Room');
/*!40000 ALTER TABLE `roominquirydetails` ENABLE KEYS */;
UNLOCK TABLES;

--
-- Table structure for table `roomtypemasters`
--

DROP TABLE IF EXISTS `roomtypemasters`;
/*!40101 SET @saved_cs_client     = @@character_set_client */;
/*!50503 SET character_set_client = utf8mb4 */;
CREATE TABLE `roomtypemasters` (
  `Id` int NOT NULL AUTO_INCREMENT,
  `RoomTypeName` longtext,
  `RoomTypeSize` longtext,
  `PricePerDay` int NOT NULL,
  `RoomTypeCapacity` longtext,
  `RoomTypeFeatures` longtext,
  `RoomTypeServices` longtext,
  `RoomTypeImages` longtext,
  `IsActiveRoomType` int NOT NULL,
  `RoomTypeImage` longtext,
  PRIMARY KEY (`Id`)
) ENGINE=InnoDB AUTO_INCREMENT=9 DEFAULT CHARSET=utf8mb4 COLLATE=utf8mb4_0900_ai_ci;
/*!40101 SET character_set_client = @saved_cs_client */;

--
-- Dumping data for table `roomtypemasters`
--

LOCK TABLES `roomtypemasters` WRITE;
/*!40000 ALTER TABLE `roomtypemasters` DISABLE KEYS */;
INSERT INTO `roomtypemasters` VALUES (1,'Room Sea View ','3000',9999,'4','Furniture : Furnitures like beds chairs desks, dressers, and other items that provide functionality and comfort. : 1;Storage  : Storage solutions such as closets shelving and cabinets to help keep things organized. : 1;Temperature control :  Whether through air conditioning or heating controlling the temperature of a room is crucial for comfort and wellbeing. : 1;Electrical outlets : These allow for the use of electronic devices such as phones computers and televisions. : 1','Housekeeping : This service includes daily cleaning and tidying up of the room changing towels and linens and restocking amenities. : 1;Room service : This service allows guests to order food and beverages from the hotel\'s restaurant and have it delivered to their room. : 1;Wi-Fi  : We offer free Wi-Fi access to our guests in their rooms.  : 1;Room amenities : These can include a safe iron and ironing board hairdryer, and toiletries such as soap, shampoo, and conditioner. : 1','/Content/assets/img/RaghunathBaghPalace/48.jpg ; 1 , /Content/assets/img/RaghunathBaghPalace/49.jpg ; 1 , /Content/assets/img/RaghunathBaghPalace/50.jpg ; 1 , /Content/assets/img/RaghunathBaghPalace/51.jpg ; 1 , /Content/assets/img/RaghunathBaghPalace/52.jpg ; 1 ',1,'/Content/assets/img/RaghunathBaghPalace/43.jpg'),(2,'Small Room','20',999,'4','Furniture : Furnitures like beds chairs desks, dressers, and other items that provide functionality and comfort. : 1;Storage : Storage solutions such as closets shelving and cabinets to help keep things organized. : 1;Temperature control : Whether through air conditioning or heating controlling the temperature of a room is crucial for comfort and wellbeing. : 1;Electrical outlets : These allow for the use of electronic devices such as phones computers and televisions. : 1','Housekeeping2 : This service includes daily cleaning and tidying up of the room changing towels and linens and restocking amenities. : 1;Room service2 : This service allows guests to order food and beverages from the hotel\'s restaurant and have it delivered to their room. : 1;Wi-Fi2 : We offer free Wi-Fi access to our guests in their rooms. : 1;Room amenities2 : These can include a safe iron and ironing board hairdryer, and toiletries such as soap, shampoo, and conditioner. : 1','/Content/assets/img/RaghunathBaghPalace/48.jpg ; 1 , /Content/assets/img/RaghunathBaghPalace/49.jpg ; 1 , /Content/assets/img/RaghunathBaghPalace/50.jpg ; 1 , /Content/assets/img/RaghunathBaghPalace/51.jpg ; 1 , /Content/assets/img/RaghunathBaghPalace/52.jpg ; 1 ',1,'/Content/assets/img/RaghunathBaghPalace/44.jpg'),(3,'Premium King Room','30',2499,'4','Furniture : Furnitures like beds, chairs, desks, dressers, and other items that provide functionality and comfort. : 1;Storage : Storage solutions such as closets, shelving, and cabinets to help keep things organized. : 1;Temperature control : Whether through air conditioning or heating, controlling the temperature of a room is crucial for comfort and wellbeing. : 1;Electrical outlets : These allow for the use of electronic devices such as phones, computers, and televisions. : 1','Housekeeping : This service includes daily cleaning and tidying up of the room, changing towels and linens, and restocking amenities. : 1;Room service : This service allows guests to order food and beverages from the hotel\'s restaurant and have it delivered to their room. : 1;Wi-Fi : We offer free Wi-Fi access to our guests in their rooms. : 1;Room amenities : These can include a safe, iron and ironing board, hairdryer, and toiletries such as soap, shampoo, and conditioner. : 1','/Content/assets/img/RaghunathBaghPalace/48.jpg ; 1 , /Content/assets/img/RaghunathBaghPalace/49.jpg ; 1 , /Content/assets/img/RaghunathBaghPalace/50.jpg ; 1 , /Content/assets/img/RaghunathBaghPalace/51.jpg ; 1 , /Content/assets/img/RaghunathBaghPalace/52.jpg ; 1 ',1,'/Content/assets/img/RaghunathBaghPalace/45.jpg'),(4,'Room Vip King','35',3999,'4','Furniture : Furnitures like beds, chairs, desks, dressers, and other items that provide functionality and comfort. : 1;Storage : Storage solutions such as closets, shelving, and cabinets to help keep things organized. : 1;Temperature control : Whether through air conditioning or heating, controlling the temperature of a room is crucial for comfort and wellbeing. : 1;Electrical outlets : These allow for the use of electronic devices such as phones, computers, and televisions. : 1','Housekeeping : This service includes daily cleaning and tidying up of the room, changing towels and linens, and restocking amenities. : 1;Room service : This service allows guests to order food and beverages from the hotel\'s restaurant and have it delivered to their room. : 1;Wi-Fi : We offer free Wi-Fi access to our guests in their rooms. : 1;Room amenities : These can include a safe, iron and ironing board, hairdryer, and toiletries such as soap, shampoo, and conditioner. : 1','/Content/assets/img/RaghunathBaghPalace/48.jpg ; 1 , /Content/assets/img/RaghunathBaghPalace/49.jpg ; 1 , /Content/assets/img/RaghunathBaghPalace/50.jpg ; 1 , /Content/assets/img/RaghunathBaghPalace/51.jpg ; 1 , /Content/assets/img/RaghunathBaghPalace/52.jpg ; 1 ',1,'/Content/assets/img/RaghunathBaghPalace/46.jpg'),(5,'Royal Room','35',4999,'4','Furniture : Furnitures like beds, chairs, desks, dressers, and other items that provide functionality and comfort. : 1;Storage : Storage solutions such as closets, shelving, and cabinets to help keep things organized. : 1;Temperature control : Whether through air conditioning or heating, controlling the temperature of a room is crucial for comfort and wellbeing. : 1;Electrical outlets : These allow for the use of electronic devices such as phones, computers, and televisions. : 1','Housekeeping : This service includes daily cleaning and tidying up of the room, changing towels and linens, and restocking amenities. : 1;Room service : This service allows guests to order food and beverages from the hotel\'s restaurant and have it delivered to their room. : 1;Wi-Fi : We offer free Wi-Fi access to our guests in their rooms. : 1;Room amenities : These can include a safe, iron and ironing board, hairdryer, and toiletries such as soap, shampoo, and conditioner. : 1','/Content/assets/img/RaghunathBaghPalace/48.jpg ; 1 , /Content/assets/img/RaghunathBaghPalace/49.jpg ; 1 , /Content/assets/img/RaghunathBaghPalace/50.jpg ; 1 , /Content/assets/img/RaghunathBaghPalace/51.jpg ; 1 , /Content/assets/img/RaghunathBaghPalace/52.jpg ; 1 ',1,'/Content/assets/img/RaghunathBaghPalace/47.jpg'),(8,'Luxury Suite Room','30',7999,'4','Furniture : Furnitures like beds, chairs, desks, dressers, and other items that provide functionality and comfort. : 1;Storage : Storage solutions such as closets, shelving, and cabinets to help keep things organized. : 1;Temperature control : Whether through air conditioning or heating, controlling the temperature of a room is crucial for comfort and wellbeing. : 1;Electrical outlets : These allow for the use of electronic devices such as phones, computers, and televisions. : 1','Housekeeping : This service includes daily cleaning and tidying up of the room, changing towels and linens, and restocking amenities. : 1;Room service : This service allows guests to order food and beverages from the hotel\'s restaurant and have it delivered to their room. : 1;Wi-Fi : We offer free Wi-Fi access to our guests in their rooms. : 1;Room amenities : These can include a safe, iron and ironing board, hairdryer, and toiletries such as soap, shampoo, and conditioner. : 1','https://images.unsplash.com/photo-1591088398332-8a7791972843?ixlib=rb-4.0.3&ixid=MnwxMjA3fDB8MHxzZWFyY2h8OHx8aG90ZWwlMjByb29tfGVufDB8fDB8fA%3D%3D&w=1000&q=80 ; 1 , /Content/assets/img/RaghunathBaghPalace/48.jpg ; 1 , /Content/assets/img/RaghunathBaghPalace/49.jpg ; 1 , /Content/assets/img/RaghunathBaghPalace/50.jpg ; 1 , /Content/assets/img/RaghunathBaghPalace/51.jpg ; 1 , /Content/assets/img/RaghunathBaghPalace/52.jpg ; 1 ',1,'https://images.unsplash.com/photo-1591088398332-8a7791972843?ixlib=rb-4.0.3&ixid=MnwxMjA3fDB8MHxzZWFyY2h8OHx8aG90ZWwlMjByb29tfGVufDB8fDB8fA%3D%3D&w=1000&q=80');
/*!40000 ALTER TABLE `roomtypemasters` ENABLE KEYS */;
UNLOCK TABLES;

--
-- Table structure for table `userpasswordhistories`
--

DROP TABLE IF EXISTS `userpasswordhistories`;
/*!40101 SET @saved_cs_client     = @@character_set_client */;
/*!50503 SET character_set_client = utf8mb4 */;
CREATE TABLE `userpasswordhistories` (
  `Id` int NOT NULL AUTO_INCREMENT,
  `UserId` int NOT NULL,
  `OldPassword` longtext,
  `CurrentPassword` longtext,
  `UpdatedBy` longtext,
  `UpdatedDate` longtext,
  `IsActive` int NOT NULL,
  PRIMARY KEY (`Id`),
  KEY `UserId_idx` (`UserId`),
  CONSTRAINT `UserId` FOREIGN KEY (`UserId`) REFERENCES `admindatas` (`UserId`)
) ENGINE=InnoDB AUTO_INCREMENT=8 DEFAULT CHARSET=utf8mb4 COLLATE=utf8mb4_0900_ai_ci;
/*!40101 SET character_set_client = @saved_cs_client */;

--
-- Dumping data for table `userpasswordhistories`
--

LOCK TABLES `userpasswordhistories` WRITE;
/*!40000 ALTER TABLE `userpasswordhistories` DISABLE KEYS */;
INSERT INTO `userpasswordhistories` VALUES (1,1,'Aakash@1234','Aakash@12NEw','1','2023-03-09 16:35:33',0),(2,1,'Aakash@12NEw','New@qw1','1','2023-03-09 16:36:37',0),(3,1,'New@qw1','AakashDubey@12','1','2023-03-09 16:39:00',0),(4,2,'zsefceffvc@1A','Aakash@New1','2','2023-03-09 17:13:53',0),(5,1,'AakashDubey@12','Aakash@123','1','2023-03-09 18:40:01',0),(6,2,'Aakash@New1','Aakash@1212','2','2023-03-09 18:55:17',1),(7,1,'Aakash@123','Aakash#12','1','2023-03-10 10:57:11',1);
/*!40000 ALTER TABLE `userpasswordhistories` ENABLE KEYS */;
UNLOCK TABLES;

--
-- Dumping events for database 'hoteldatabasenew'
--

--
-- Dumping routines for database 'hoteldatabasenew'
--
/*!50003 DROP PROCEDURE IF EXISTS `Blank` */;
/*!50003 SET @saved_cs_client      = @@character_set_client */ ;
/*!50003 SET @saved_cs_results     = @@character_set_results */ ;
/*!50003 SET @saved_col_connection = @@collation_connection */ ;
/*!50003 SET character_set_client  = utf8mb4 */ ;
/*!50003 SET character_set_results = utf8mb4 */ ;
/*!50003 SET collation_connection  = utf8mb4_0900_ai_ci */ ;
/*!50003 SET @saved_sql_mode       = @@sql_mode */ ;
/*!50003 SET sql_mode              = 'ONLY_FULL_GROUP_BY,STRICT_TRANS_TABLES,NO_ZERO_IN_DATE,NO_ZERO_DATE,ERROR_FOR_DIVISION_BY_ZERO,NO_ENGINE_SUBSTITUTION' */ ;
DELIMITER ;;
CREATE DEFINER=`root`@`localhost` PROCEDURE `Blank`(
ppHeading longtext,
 ppIsActiveHeading int,
 ppSecondHeading longtext,
 ppIsActiveSecondHeading int,
 ppBackgroungImage longtext,
 ppIsActiveBackgroundImage int,
 ppFeatureStringList longtext)
BEGIN

call hoteldatabasenew.SP_ModifyHome(ppHeading,ppIsActiveHeading,ppSecondHeading,ppIsActiveSecondHeading,ppBackgroungImage,ppIsActiveBackgroundImage,ppFeatureStringList);
select * from hoteldatabasenew.data_value where Module = 1;
END ;;
DELIMITER ;
/*!50003 SET sql_mode              = @saved_sql_mode */ ;
/*!50003 SET character_set_client  = @saved_cs_client */ ;
/*!50003 SET character_set_results = @saved_cs_results */ ;
/*!50003 SET collation_connection  = @saved_col_connection */ ;
/*!50003 DROP PROCEDURE IF EXISTS `GetModuleMaster` */;
/*!50003 SET @saved_cs_client      = @@character_set_client */ ;
/*!50003 SET @saved_cs_results     = @@character_set_results */ ;
/*!50003 SET @saved_col_connection = @@collation_connection */ ;
/*!50003 SET character_set_client  = utf8mb4 */ ;
/*!50003 SET character_set_results = utf8mb4 */ ;
/*!50003 SET collation_connection  = utf8mb4_0900_ai_ci */ ;
/*!50003 SET @saved_sql_mode       = @@sql_mode */ ;
/*!50003 SET sql_mode              = 'ONLY_FULL_GROUP_BY,STRICT_TRANS_TABLES,NO_ZERO_IN_DATE,NO_ZERO_DATE,ERROR_FOR_DIVISION_BY_ZERO,NO_ENGINE_SUBSTITUTION' */ ;
DELIMITER ;;
CREATE DEFINER=`root`@`localhost` PROCEDURE `GetModuleMaster`()
BEGIN
SELECT * FROM hoteldatabasenew.module_master;
END ;;
DELIMITER ;
/*!50003 SET sql_mode              = @saved_sql_mode */ ;
/*!50003 SET character_set_client  = @saved_cs_client */ ;
/*!50003 SET character_set_results = @saved_cs_results */ ;
/*!50003 SET collation_connection  = @saved_col_connection */ ;
/*!50003 DROP PROCEDURE IF EXISTS `SP_AddNewUser` */;
/*!50003 SET @saved_cs_client      = @@character_set_client */ ;
/*!50003 SET @saved_cs_results     = @@character_set_results */ ;
/*!50003 SET @saved_col_connection = @@collation_connection */ ;
/*!50003 SET character_set_client  = utf8mb4 */ ;
/*!50003 SET character_set_results = utf8mb4 */ ;
/*!50003 SET collation_connection  = utf8mb4_0900_ai_ci */ ;
/*!50003 SET @saved_sql_mode       = @@sql_mode */ ;
/*!50003 SET sql_mode              = 'ONLY_FULL_GROUP_BY,STRICT_TRANS_TABLES,NO_ZERO_IN_DATE,NO_ZERO_DATE,ERROR_FOR_DIVISION_BY_ZERO,NO_ENGINE_SUBSTITUTION' */ ;
DELIMITER ;;
CREATE DEFINER=`root`@`localhost` PROCEDURE `SP_AddNewUser`(
pUsername longtext,
pUserPassword longtext,
pUserFirstname longtext,
pUserLastname longtext,
pUserGender longtext,
pUserAvtaar longtext,
pUserEmail longtext,
pUserMobile longtext,
pUserAddress longtext,
pUserPincode longtext,
pUserCity longtext,
pUserState longtext,
pUserCreatedBy longtext,
pUserPosition longtext
)
BEGIN

DECLARE duplicateCheck longtext;
SET duplicateCheck = (SELECT Email FROM hoteldatabasenew.admindatas WHERE Email = pUserEmail || Phone = pUserMobile || UserName = pUsername);

IF(duplicateCheck IS NULL) THEN

INSERT INTO hoteldatabasenew.admindatas (UserName, UserPassword, UserAvtaar, FirstName, LastName, Gender, Email,Phone,Address,City,State,Pincode,CreatedDate,CreatedBy,Position,IsActive)
VALUES (pUsername,pUserPassword,pUserAvtaar,pUserFirstname,pUserLastname,pUserGender,pUserEmail,pUserMobile,pUserAddress,pUserCity,pUserState,pUserPincode,now(),pUserCreatedBy,pUserPosition,cast(1 as unsigned));

SELECT 1;

ELSE 
SELECT 0;

END IF;
END ;;
DELIMITER ;
/*!50003 SET sql_mode              = @saved_sql_mode */ ;
/*!50003 SET character_set_client  = @saved_cs_client */ ;
/*!50003 SET character_set_results = @saved_cs_results */ ;
/*!50003 SET collation_connection  = @saved_col_connection */ ;
/*!50003 DROP PROCEDURE IF EXISTS `SP_AddOrUpdateRoom` */;
/*!50003 SET @saved_cs_client      = @@character_set_client */ ;
/*!50003 SET @saved_cs_results     = @@character_set_results */ ;
/*!50003 SET @saved_col_connection = @@collation_connection */ ;
/*!50003 SET character_set_client  = utf8mb4 */ ;
/*!50003 SET character_set_results = utf8mb4 */ ;
/*!50003 SET collation_connection  = utf8mb4_0900_ai_ci */ ;
/*!50003 SET @saved_sql_mode       = @@sql_mode */ ;
/*!50003 SET sql_mode              = 'ONLY_FULL_GROUP_BY,STRICT_TRANS_TABLES,NO_ZERO_IN_DATE,NO_ZERO_DATE,ERROR_FOR_DIVISION_BY_ZERO,NO_ENGINE_SUBSTITUTION' */ ;
DELIMITER ;;
CREATE DEFINER=`root`@`localhost` PROCEDURE `SP_AddOrUpdateRoom`(
pRoomId int,
pRoomName longtext,
pRoomSize longtext,
pRoomCapacity longtext,
pRoomPrice longtext,
pRoomListingImage longtext,
pRoomFeatureString longtext,
pRoomServiceString longtext,
pRoomImageString longtext,
pRoomIsActive longtext
)
BEGIN

IF(pRoomId != 0) THEN 
UPDATE hoteldatabasenew.roomtypemasters
SET RoomTypeName = pRoomName, RoomTypeSize = pRoomSize,RoomTypeCapacity = pRoomCapacity,
PricePerDay = cast(pRoomPrice AS double),RoomTypeImage = pRoomListingImage,RoomTypeFeatures = pRoomFeatureString,
RoomTypeServices = pRoomServiceString,RoomTypeImages = pRoomImageString,IsActiveRoomType = cast(pRoomIsActive AS unsigned)
WHERE Id = cast(pRoomId AS unsigned);

ELSE
INSERT INTO hoteldatabasenew.roomtypemasters (RoomTypeName, RoomTypeSize, RoomTypeCapacity,PricePerDay, RoomTypeImage,RoomTypeFeatures,RoomTypeServices,RoomTypeImages,IsActiveRoomType)
VALUES (pRoomName,pRoomSize,pRoomCapacity,cast(pRoomPrice AS double),pRoomListingImage,pRoomFeatureString,pRoomServiceString,pRoomImageString,cast(pRoomIsActive AS unsigned));
END IF;

END ;;
DELIMITER ;
/*!50003 SET sql_mode              = @saved_sql_mode */ ;
/*!50003 SET character_set_client  = @saved_cs_client */ ;
/*!50003 SET character_set_results = @saved_cs_results */ ;
/*!50003 SET collation_connection  = @saved_col_connection */ ;
/*!50003 DROP PROCEDURE IF EXISTS `SP_ChangeActiveStateByUserId` */;
/*!50003 SET @saved_cs_client      = @@character_set_client */ ;
/*!50003 SET @saved_cs_results     = @@character_set_results */ ;
/*!50003 SET @saved_col_connection = @@collation_connection */ ;
/*!50003 SET character_set_client  = utf8mb4 */ ;
/*!50003 SET character_set_results = utf8mb4 */ ;
/*!50003 SET collation_connection  = utf8mb4_0900_ai_ci */ ;
/*!50003 SET @saved_sql_mode       = @@sql_mode */ ;
/*!50003 SET sql_mode              = 'ONLY_FULL_GROUP_BY,STRICT_TRANS_TABLES,NO_ZERO_IN_DATE,NO_ZERO_DATE,ERROR_FOR_DIVISION_BY_ZERO,NO_ENGINE_SUBSTITUTION' */ ;
DELIMITER ;;
CREATE DEFINER=`root`@`localhost` PROCEDURE `SP_ChangeActiveStateByUserId`(
pUserId int,
pActiveState int
)
BEGIN
UPDATE hoteldatabasenew.admindatas
SET IsActive = cast(pActiveState as unsigned)
WHERE UserId = cast(pUserId as unsigned);
END ;;
DELIMITER ;
/*!50003 SET sql_mode              = @saved_sql_mode */ ;
/*!50003 SET character_set_client  = @saved_cs_client */ ;
/*!50003 SET character_set_results = @saved_cs_results */ ;
/*!50003 SET collation_connection  = @saved_col_connection */ ;
/*!50003 DROP PROCEDURE IF EXISTS `SP_DeleteRoomByRoomId` */;
/*!50003 SET @saved_cs_client      = @@character_set_client */ ;
/*!50003 SET @saved_cs_results     = @@character_set_results */ ;
/*!50003 SET @saved_col_connection = @@collation_connection */ ;
/*!50003 SET character_set_client  = utf8mb4 */ ;
/*!50003 SET character_set_results = utf8mb4 */ ;
/*!50003 SET collation_connection  = utf8mb4_0900_ai_ci */ ;
/*!50003 SET @saved_sql_mode       = @@sql_mode */ ;
/*!50003 SET sql_mode              = 'ONLY_FULL_GROUP_BY,STRICT_TRANS_TABLES,NO_ZERO_IN_DATE,NO_ZERO_DATE,ERROR_FOR_DIVISION_BY_ZERO,NO_ENGINE_SUBSTITUTION' */ ;
DELIMITER ;;
CREATE DEFINER=`root`@`localhost` PROCEDURE `SP_DeleteRoomByRoomId`(
pRoomId int
)
BEGIN
DELETE FROM hoteldatabasenew.roomtypemasters WHERE Id = cast(pRoomId as unsigned);
select 1;
END ;;
DELIMITER ;
/*!50003 SET sql_mode              = @saved_sql_mode */ ;
/*!50003 SET character_set_client  = @saved_cs_client */ ;
/*!50003 SET character_set_results = @saved_cs_results */ ;
/*!50003 SET collation_connection  = @saved_col_connection */ ;
/*!50003 DROP PROCEDURE IF EXISTS `SP_GetAllAdminData` */;
/*!50003 SET @saved_cs_client      = @@character_set_client */ ;
/*!50003 SET @saved_cs_results     = @@character_set_results */ ;
/*!50003 SET @saved_col_connection = @@collation_connection */ ;
/*!50003 SET character_set_client  = utf8mb4 */ ;
/*!50003 SET character_set_results = utf8mb4 */ ;
/*!50003 SET collation_connection  = utf8mb4_0900_ai_ci */ ;
/*!50003 SET @saved_sql_mode       = @@sql_mode */ ;
/*!50003 SET sql_mode              = 'ONLY_FULL_GROUP_BY,STRICT_TRANS_TABLES,NO_ZERO_IN_DATE,NO_ZERO_DATE,ERROR_FOR_DIVISION_BY_ZERO,NO_ENGINE_SUBSTITUTION' */ ;
DELIMITER ;;
CREATE DEFINER=`root`@`localhost` PROCEDURE `SP_GetAllAdminData`()
BEGIN
SELECT * FROM hoteldatabasenew.admindatas;
END ;;
DELIMITER ;
/*!50003 SET sql_mode              = @saved_sql_mode */ ;
/*!50003 SET character_set_client  = @saved_cs_client */ ;
/*!50003 SET character_set_results = @saved_cs_results */ ;
/*!50003 SET collation_connection  = @saved_col_connection */ ;
/*!50003 DROP PROCEDURE IF EXISTS `SP_GetAllRoomDetails` */;
/*!50003 SET @saved_cs_client      = @@character_set_client */ ;
/*!50003 SET @saved_cs_results     = @@character_set_results */ ;
/*!50003 SET @saved_col_connection = @@collation_connection */ ;
/*!50003 SET character_set_client  = utf8mb4 */ ;
/*!50003 SET character_set_results = utf8mb4 */ ;
/*!50003 SET collation_connection  = utf8mb4_0900_ai_ci */ ;
/*!50003 SET @saved_sql_mode       = @@sql_mode */ ;
/*!50003 SET sql_mode              = 'ONLY_FULL_GROUP_BY,STRICT_TRANS_TABLES,NO_ZERO_IN_DATE,NO_ZERO_DATE,ERROR_FOR_DIVISION_BY_ZERO,NO_ENGINE_SUBSTITUTION' */ ;
DELIMITER ;;
CREATE DEFINER=`root`@`localhost` PROCEDURE `SP_GetAllRoomDetails`()
BEGIN
SELECT * FROM hoteldatabasenew.roomtypemasters;
END ;;
DELIMITER ;
/*!50003 SET sql_mode              = @saved_sql_mode */ ;
/*!50003 SET character_set_client  = @saved_cs_client */ ;
/*!50003 SET character_set_results = @saved_cs_results */ ;
/*!50003 SET collation_connection  = @saved_col_connection */ ;
/*!50003 DROP PROCEDURE IF EXISTS `SP_GetAllRoomInquiry` */;
/*!50003 SET @saved_cs_client      = @@character_set_client */ ;
/*!50003 SET @saved_cs_results     = @@character_set_results */ ;
/*!50003 SET @saved_col_connection = @@collation_connection */ ;
/*!50003 SET character_set_client  = utf8mb4 */ ;
/*!50003 SET character_set_results = utf8mb4 */ ;
/*!50003 SET collation_connection  = utf8mb4_0900_ai_ci */ ;
/*!50003 SET @saved_sql_mode       = @@sql_mode */ ;
/*!50003 SET sql_mode              = 'ONLY_FULL_GROUP_BY,STRICT_TRANS_TABLES,NO_ZERO_IN_DATE,NO_ZERO_DATE,ERROR_FOR_DIVISION_BY_ZERO,NO_ENGINE_SUBSTITUTION' */ ;
DELIMITER ;;
CREATE DEFINER=`root`@`localhost` PROCEDURE `SP_GetAllRoomInquiry`()
BEGIN
SELECT * FROM hoteldatabasenew.roominquirydetails order by Id desc;
END ;;
DELIMITER ;
/*!50003 SET sql_mode              = @saved_sql_mode */ ;
/*!50003 SET character_set_client  = @saved_cs_client */ ;
/*!50003 SET character_set_results = @saved_cs_results */ ;
/*!50003 SET collation_connection  = @saved_col_connection */ ;
/*!50003 DROP PROCEDURE IF EXISTS `SP_GetCredentials` */;
/*!50003 SET @saved_cs_client      = @@character_set_client */ ;
/*!50003 SET @saved_cs_results     = @@character_set_results */ ;
/*!50003 SET @saved_col_connection = @@collation_connection */ ;
/*!50003 SET character_set_client  = utf8mb4 */ ;
/*!50003 SET character_set_results = utf8mb4 */ ;
/*!50003 SET collation_connection  = utf8mb4_0900_ai_ci */ ;
/*!50003 SET @saved_sql_mode       = @@sql_mode */ ;
/*!50003 SET sql_mode              = 'ONLY_FULL_GROUP_BY,STRICT_TRANS_TABLES,NO_ZERO_IN_DATE,NO_ZERO_DATE,ERROR_FOR_DIVISION_BY_ZERO,NO_ENGINE_SUBSTITUTION' */ ;
DELIMITER ;;
CREATE DEFINER=`root`@`localhost` PROCEDURE `SP_GetCredentials`()
BEGIN
SELECT * FROM hoteldatabasenew.credentials;
END ;;
DELIMITER ;
/*!50003 SET sql_mode              = @saved_sql_mode */ ;
/*!50003 SET character_set_client  = @saved_cs_client */ ;
/*!50003 SET character_set_results = @saved_cs_results */ ;
/*!50003 SET collation_connection  = @saved_col_connection */ ;
/*!50003 DROP PROCEDURE IF EXISTS `SP_GetDataValuesByModule` */;
/*!50003 SET @saved_cs_client      = @@character_set_client */ ;
/*!50003 SET @saved_cs_results     = @@character_set_results */ ;
/*!50003 SET @saved_col_connection = @@collation_connection */ ;
/*!50003 SET character_set_client  = utf8mb4 */ ;
/*!50003 SET character_set_results = utf8mb4 */ ;
/*!50003 SET collation_connection  = utf8mb4_0900_ai_ci */ ;
/*!50003 SET @saved_sql_mode       = @@sql_mode */ ;
/*!50003 SET sql_mode              = 'ONLY_FULL_GROUP_BY,STRICT_TRANS_TABLES,NO_ZERO_IN_DATE,NO_ZERO_DATE,ERROR_FOR_DIVISION_BY_ZERO,NO_ENGINE_SUBSTITUTION' */ ;
DELIMITER ;;
CREATE DEFINER=`root`@`localhost` PROCEDURE `SP_GetDataValuesByModule`(
pModule int)
BEGIN
SELECT * FROM hoteldatabasenew.data_value  where Module = pModule;
END ;;
DELIMITER ;
/*!50003 SET sql_mode              = @saved_sql_mode */ ;
/*!50003 SET character_set_client  = @saved_cs_client */ ;
/*!50003 SET character_set_results = @saved_cs_results */ ;
/*!50003 SET collation_connection  = @saved_col_connection */ ;
/*!50003 DROP PROCEDURE IF EXISTS `SP_GetInquiryDetailsByInquiryId` */;
/*!50003 SET @saved_cs_client      = @@character_set_client */ ;
/*!50003 SET @saved_cs_results     = @@character_set_results */ ;
/*!50003 SET @saved_col_connection = @@collation_connection */ ;
/*!50003 SET character_set_client  = utf8mb4 */ ;
/*!50003 SET character_set_results = utf8mb4 */ ;
/*!50003 SET collation_connection  = utf8mb4_0900_ai_ci */ ;
/*!50003 SET @saved_sql_mode       = @@sql_mode */ ;
/*!50003 SET sql_mode              = 'ONLY_FULL_GROUP_BY,STRICT_TRANS_TABLES,NO_ZERO_IN_DATE,NO_ZERO_DATE,ERROR_FOR_DIVISION_BY_ZERO,NO_ENGINE_SUBSTITUTION' */ ;
DELIMITER ;;
CREATE DEFINER=`root`@`localhost` PROCEDURE `SP_GetInquiryDetailsByInquiryId`(
pInquiryId int
)
BEGIN

SELECT * FROM hoteldatabasenew.roominquirydetails where Id = pInquiryId;

END ;;
DELIMITER ;
/*!50003 SET sql_mode              = @saved_sql_mode */ ;
/*!50003 SET character_set_client  = @saved_cs_client */ ;
/*!50003 SET character_set_results = @saved_cs_results */ ;
/*!50003 SET collation_connection  = @saved_col_connection */ ;
/*!50003 DROP PROCEDURE IF EXISTS `SP_GetRoomDetailsByRoomId` */;
/*!50003 SET @saved_cs_client      = @@character_set_client */ ;
/*!50003 SET @saved_cs_results     = @@character_set_results */ ;
/*!50003 SET @saved_col_connection = @@collation_connection */ ;
/*!50003 SET character_set_client  = utf8mb4 */ ;
/*!50003 SET character_set_results = utf8mb4 */ ;
/*!50003 SET collation_connection  = utf8mb4_0900_ai_ci */ ;
/*!50003 SET @saved_sql_mode       = @@sql_mode */ ;
/*!50003 SET sql_mode              = 'ONLY_FULL_GROUP_BY,STRICT_TRANS_TABLES,NO_ZERO_IN_DATE,NO_ZERO_DATE,ERROR_FOR_DIVISION_BY_ZERO,NO_ENGINE_SUBSTITUTION' */ ;
DELIMITER ;;
CREATE DEFINER=`root`@`localhost` PROCEDURE `SP_GetRoomDetailsByRoomId`(pRoomId int)
BEGIN
SELECT * FROM hoteldatabasenew.roomtypemasters WHERE Id = pRoomId;
END ;;
DELIMITER ;
/*!50003 SET sql_mode              = @saved_sql_mode */ ;
/*!50003 SET character_set_client  = @saved_cs_client */ ;
/*!50003 SET character_set_results = @saved_cs_results */ ;
/*!50003 SET collation_connection  = @saved_col_connection */ ;
/*!50003 DROP PROCEDURE IF EXISTS `SP_GetRoomInquiryByDate` */;
/*!50003 SET @saved_cs_client      = @@character_set_client */ ;
/*!50003 SET @saved_cs_results     = @@character_set_results */ ;
/*!50003 SET @saved_col_connection = @@collation_connection */ ;
/*!50003 SET character_set_client  = utf8mb4 */ ;
/*!50003 SET character_set_results = utf8mb4 */ ;
/*!50003 SET collation_connection  = utf8mb4_0900_ai_ci */ ;
/*!50003 SET @saved_sql_mode       = @@sql_mode */ ;
/*!50003 SET sql_mode              = 'ONLY_FULL_GROUP_BY,STRICT_TRANS_TABLES,NO_ZERO_IN_DATE,NO_ZERO_DATE,ERROR_FOR_DIVISION_BY_ZERO,NO_ENGINE_SUBSTITUTION' */ ;
DELIMITER ;;
CREATE DEFINER=`root`@`localhost` PROCEDURE `SP_GetRoomInquiryByDate`(
pFromDate datetime,
pToDate datetime
)
BEGIN

SELECT * FROM hoteldatabasenew.roominquirydetails where BookingTime >= pFromDate and BookingTime <= pToDate order by BookingTime desc;


END ;;
DELIMITER ;
/*!50003 SET sql_mode              = @saved_sql_mode */ ;
/*!50003 SET character_set_client  = @saved_cs_client */ ;
/*!50003 SET character_set_results = @saved_cs_results */ ;
/*!50003 SET collation_connection  = @saved_col_connection */ ;
/*!50003 DROP PROCEDURE IF EXISTS `SP_GetUserDetailsByUserId` */;
/*!50003 SET @saved_cs_client      = @@character_set_client */ ;
/*!50003 SET @saved_cs_results     = @@character_set_results */ ;
/*!50003 SET @saved_col_connection = @@collation_connection */ ;
/*!50003 SET character_set_client  = utf8mb4 */ ;
/*!50003 SET character_set_results = utf8mb4 */ ;
/*!50003 SET collation_connection  = utf8mb4_0900_ai_ci */ ;
/*!50003 SET @saved_sql_mode       = @@sql_mode */ ;
/*!50003 SET sql_mode              = 'ONLY_FULL_GROUP_BY,STRICT_TRANS_TABLES,NO_ZERO_IN_DATE,NO_ZERO_DATE,ERROR_FOR_DIVISION_BY_ZERO,NO_ENGINE_SUBSTITUTION' */ ;
DELIMITER ;;
CREATE DEFINER=`root`@`localhost` PROCEDURE `SP_GetUserDetailsByUserId`(
pUserId int
)
BEGIN

 SELECT * FROM hoteldatabasenew.admindatas WHERE UserId = pUserId; 

END ;;
DELIMITER ;
/*!50003 SET sql_mode              = @saved_sql_mode */ ;
/*!50003 SET character_set_client  = @saved_cs_client */ ;
/*!50003 SET character_set_results = @saved_cs_results */ ;
/*!50003 SET collation_connection  = @saved_col_connection */ ;
/*!50003 DROP PROCEDURE IF EXISTS `SP_Login` */;
/*!50003 SET @saved_cs_client      = @@character_set_client */ ;
/*!50003 SET @saved_cs_results     = @@character_set_results */ ;
/*!50003 SET @saved_col_connection = @@collation_connection */ ;
/*!50003 SET character_set_client  = utf8mb4 */ ;
/*!50003 SET character_set_results = utf8mb4 */ ;
/*!50003 SET collation_connection  = utf8mb4_0900_ai_ci */ ;
/*!50003 SET @saved_sql_mode       = @@sql_mode */ ;
/*!50003 SET sql_mode              = 'ONLY_FULL_GROUP_BY,STRICT_TRANS_TABLES,NO_ZERO_IN_DATE,NO_ZERO_DATE,ERROR_FOR_DIVISION_BY_ZERO,NO_ENGINE_SUBSTITUTION' */ ;
DELIMITER ;;
CREATE DEFINER=`root`@`localhost` PROCEDURE `SP_Login`(
sUserName varchar(20),
sUserPassword varchar(15)
)
BEGIN

DECLARE RESULT INT;
SET RESULT = (SELECT UserId FROM hoteldatabasenew.admindatas WHERE (UserName = sUserName && UserPassword = sUserPassword || Email = sUserName && UserPassword = sUserPassword || Phone = sUserName && UserPassword = sUserPassword) && (IsActive = 1));

IF(RESULT IS NULL) THEN
SELECT 0;
ELSE
SELECT RESULT;
END IF;
END ;;
DELIMITER ;
/*!50003 SET sql_mode              = @saved_sql_mode */ ;
/*!50003 SET character_set_client  = @saved_cs_client */ ;
/*!50003 SET character_set_results = @saved_cs_results */ ;
/*!50003 SET collation_connection  = @saved_col_connection */ ;
/*!50003 DROP PROCEDURE IF EXISTS `SP_ManageModules` */;
/*!50003 SET @saved_cs_client      = @@character_set_client */ ;
/*!50003 SET @saved_cs_results     = @@character_set_results */ ;
/*!50003 SET @saved_col_connection = @@collation_connection */ ;
/*!50003 SET character_set_client  = utf8mb4 */ ;
/*!50003 SET character_set_results = utf8mb4 */ ;
/*!50003 SET collation_connection  = utf8mb4_0900_ai_ci */ ;
/*!50003 SET @saved_sql_mode       = @@sql_mode */ ;
/*!50003 SET sql_mode              = 'ONLY_FULL_GROUP_BY,STRICT_TRANS_TABLES,NO_ZERO_IN_DATE,NO_ZERO_DATE,ERROR_FOR_DIVISION_BY_ZERO,NO_ENGINE_SUBSTITUTION' */ ;
DELIMITER ;;
CREATE DEFINER=`root`@`localhost` PROCEDURE `SP_ManageModules`(
pModule1 longtext,
pIsActiveModule1 longtext,
pModule2 longtext,
pIsActiveModule2 longtext,
pModule3 longtext,
pIsActiveModule3 longtext,
pModule4 longtext,
pIsActiveModule4 longtext,
pModule5 longtext,
pIsActiveModule5 longtext,
pModule6 longtext,
pIsActiveModule6 longtext,
pModule7 longtext,
pIsActiveModule7 longtext,
pModule8 longtext,
pIsActiveModule8 longtext,
pModule9 longtext,
pIsActiveModule9 longtext,
pModule10 longtext,
pIsActiveModule10 longtext

)
BEGIN

UPDATE hoteldatabasenew.module_master SET ModuleName = cast(pModule1 as char), IsActive = cast(pIsActiveModule1 as unsigned) WHERE Module_Id = 1;
UPDATE hoteldatabasenew.module_master SET ModuleName = cast(pModule2 as char), IsActive = cast(pIsActiveModule2 as unsigned) WHERE Module_Id = 2;
UPDATE hoteldatabasenew.module_master SET ModuleName = cast(pModule3 as char), IsActive = cast(pIsActiveModule3 as unsigned) WHERE Module_Id = 3;
UPDATE hoteldatabasenew.module_master SET ModuleName = cast(pModule4 as char), IsActive = cast(pIsActiveModule4 as unsigned) WHERE Module_Id = 4;
UPDATE hoteldatabasenew.module_master SET ModuleName = cast(pModule5 as char), IsActive = cast(pIsActiveModule5 as unsigned) WHERE Module_Id = 5;
UPDATE hoteldatabasenew.module_master SET ModuleName = cast(pModule6 as char), IsActive = cast(pIsActiveModule6 as unsigned) WHERE Module_Id = 6;
UPDATE hoteldatabasenew.module_master SET ModuleName = cast(pModule7 as char), IsActive = cast(pIsActiveModule7 as unsigned) WHERE Module_Id = 7;
UPDATE hoteldatabasenew.module_master SET ModuleName = cast(pModule8 as char), IsActive = cast(pIsActiveModule8 as unsigned) WHERE Module_Id = 8;
UPDATE hoteldatabasenew.module_master SET ModuleName = cast(pModule9 as char), IsActive = cast(pIsActiveModule9 as unsigned) WHERE Module_Id = 9;
UPDATE hoteldatabasenew.module_master SET ModuleName = cast(pModule10 as char), IsActive = cast(pIsActiveModule10 as unsigned) WHERE Module_Id = 10;

END ;;
DELIMITER ;
/*!50003 SET sql_mode              = @saved_sql_mode */ ;
/*!50003 SET character_set_client  = @saved_cs_client */ ;
/*!50003 SET character_set_results = @saved_cs_results */ ;
/*!50003 SET collation_connection  = @saved_col_connection */ ;
/*!50003 DROP PROCEDURE IF EXISTS `SP_ModifyAbout` */;
/*!50003 SET @saved_cs_client      = @@character_set_client */ ;
/*!50003 SET @saved_cs_results     = @@character_set_results */ ;
/*!50003 SET @saved_col_connection = @@collation_connection */ ;
/*!50003 SET character_set_client  = utf8mb4 */ ;
/*!50003 SET character_set_results = utf8mb4 */ ;
/*!50003 SET collation_connection  = utf8mb4_0900_ai_ci */ ;
/*!50003 SET @saved_sql_mode       = @@sql_mode */ ;
/*!50003 SET sql_mode              = 'ONLY_FULL_GROUP_BY,STRICT_TRANS_TABLES,NO_ZERO_IN_DATE,NO_ZERO_DATE,ERROR_FOR_DIVISION_BY_ZERO,NO_ENGINE_SUBSTITUTION' */ ;
DELIMITER ;;
CREATE DEFINER=`root`@`localhost` PROCEDURE `SP_ModifyAbout`(
pHeading longtext,
pIsActiveHeading longtext,
pPara1 longtext,
pIsActivePara1 longtext,
pPara2 longtext,
pIsActivePara2 longtext,
pAboutImage longtext,
pIsActiveAboutImage longtext,
pFeaturesString longtext
)
BEGIN


UPDATE hoteldatabasenew.data_value SET Value = cast(pHeading as char), IsActive = cast(pIsActiveHeading as unsigned) WHERE Data_Id = 13;
UPDATE hoteldatabasenew.data_value SET Value = cast(pPara1 as char), IsActive = cast(pIsActivePara1 as unsigned) WHERE Data_Id = 14;
UPDATE hoteldatabasenew.data_value SET Value = cast(pPara2 as char), IsActive = cast(pIsActivePara2 as unsigned) WHERE Data_Id = 15;
UPDATE hoteldatabasenew.data_value SET Value = cast(pAboutImage as char), IsActive = cast(pIsActiveAboutImage as unsigned) WHERE Data_Id = 20;
UPDATE hoteldatabasenew.data_value SET Value = cast(pFeaturesString as char), IsActive = cast(1 as unsigned) WHERE Data_Id = 127;



END ;;
DELIMITER ;
/*!50003 SET sql_mode              = @saved_sql_mode */ ;
/*!50003 SET character_set_client  = @saved_cs_client */ ;
/*!50003 SET character_set_results = @saved_cs_results */ ;
/*!50003 SET collation_connection  = @saved_col_connection */ ;
/*!50003 DROP PROCEDURE IF EXISTS `SP_ModifyContact` */;
/*!50003 SET @saved_cs_client      = @@character_set_client */ ;
/*!50003 SET @saved_cs_results     = @@character_set_results */ ;
/*!50003 SET @saved_col_connection = @@collation_connection */ ;
/*!50003 SET character_set_client  = utf8mb4 */ ;
/*!50003 SET character_set_results = utf8mb4 */ ;
/*!50003 SET collation_connection  = utf8mb4_0900_ai_ci */ ;
/*!50003 SET @saved_sql_mode       = @@sql_mode */ ;
/*!50003 SET sql_mode              = 'ONLY_FULL_GROUP_BY,STRICT_TRANS_TABLES,NO_ZERO_IN_DATE,NO_ZERO_DATE,ERROR_FOR_DIVISION_BY_ZERO,NO_ENGINE_SUBSTITUTION' */ ;
DELIMITER ;;
CREATE DEFINER=`root`@`localhost` PROCEDURE `SP_ModifyContact`(
pMobile longtext,
pIsActiveMobile longtext,
pEmail longtext,
pIsActiveEmail longtext,
pAddress longtext,
pIsActiveAddress longtext,
pLogo longtext,
pIsActiveLogo longtext,
pMap longtext,
pIsActiveMap longtext,
pSocial1 longtext,
pIsActiveSocial1 longtext,
pSocial2 longtext,
pIsActiveSocial2 longtext,
pSocial3 longtext,
pIsActiveSocial3 longtext,
pSocial4 longtext,
pIsActiveSocial4 longtext
)
BEGIN

UPDATE hoteldatabasenew.data_value SET Value = cast(pMobile as char), IsActive = cast(pIsActiveMobile as unsigned) WHERE Data_Id = 112;
UPDATE hoteldatabasenew.data_value SET Value = cast(pEmail as char), IsActive = cast(pIsActiveEmail as unsigned) WHERE Data_Id = 111;
UPDATE hoteldatabasenew.data_value SET Value = cast(pAddress as char), IsActive = cast(pIsActiveAddress as unsigned) WHERE Data_Id = 110;
UPDATE hoteldatabasenew.data_value SET Value = cast(pLogo as char), IsActive = cast(pIsActiveLogo as unsigned) WHERE Data_Id = 118;
UPDATE hoteldatabasenew.data_value SET Value = cast(pMap as char), IsActive = cast(pIsActiveMap as unsigned) WHERE Data_Id = 113;
UPDATE hoteldatabasenew.data_value SET Value = cast(pSocial1 as char), IsActive = cast(pIsActiveSocial1 as unsigned) WHERE Data_Id = 114;
UPDATE hoteldatabasenew.data_value SET Value = cast(pSocial2 as char), IsActive = cast(pIsActiveSocial2 as unsigned) WHERE Data_Id = 115;
UPDATE hoteldatabasenew.data_value SET Value = cast(pSocial3 as char), IsActive = cast(pIsActiveSocial3 as unsigned) WHERE Data_Id = 116;
UPDATE hoteldatabasenew.data_value SET Value = cast(pSocial4 as char), IsActive = cast(pIsActiveSocial4 as unsigned) WHERE Data_Id = 117;

END ;;
DELIMITER ;
/*!50003 SET sql_mode              = @saved_sql_mode */ ;
/*!50003 SET character_set_client  = @saved_cs_client */ ;
/*!50003 SET character_set_results = @saved_cs_results */ ;
/*!50003 SET collation_connection  = @saved_col_connection */ ;
/*!50003 DROP PROCEDURE IF EXISTS `SP_ModifyCTA` */;
/*!50003 SET @saved_cs_client      = @@character_set_client */ ;
/*!50003 SET @saved_cs_results     = @@character_set_results */ ;
/*!50003 SET @saved_col_connection = @@collation_connection */ ;
/*!50003 SET character_set_client  = utf8mb4 */ ;
/*!50003 SET character_set_results = utf8mb4 */ ;
/*!50003 SET collation_connection  = utf8mb4_0900_ai_ci */ ;
/*!50003 SET @saved_sql_mode       = @@sql_mode */ ;
/*!50003 SET sql_mode              = 'ONLY_FULL_GROUP_BY,STRICT_TRANS_TABLES,NO_ZERO_IN_DATE,NO_ZERO_DATE,ERROR_FOR_DIVISION_BY_ZERO,NO_ENGINE_SUBSTITUTION' */ ;
DELIMITER ;;
CREATE DEFINER=`root`@`localhost` PROCEDURE `SP_ModifyCTA`(
pHeading longtext,
pIsActiveHeading longtext,
pPara longtext,
pIsActivePara longtext,
pButton longtext,
pIsActiveBtn longtext,
pBackImage longtext,
pIsActiveBackImage longtext

)
BEGIN

UPDATE hoteldatabasenew.data_value SET Value = cast(pHeading as char), IsActive = cast(pIsActiveHeading as unsigned) WHERE Data_Id = 45;
UPDATE hoteldatabasenew.data_value SET Value = cast(pPara as char), IsActive = cast(pIsActivePara as unsigned) WHERE Data_Id = 46;
UPDATE hoteldatabasenew.data_value SET Value = cast(pButton as char), IsActive = cast(pIsActiveBtn as unsigned) WHERE Data_Id = 47;
UPDATE hoteldatabasenew.data_value SET Value = cast(pBackImage as char), IsActive = cast(pIsActiveBackImage as unsigned) WHERE Data_Id = 48;

END ;;
DELIMITER ;
/*!50003 SET sql_mode              = @saved_sql_mode */ ;
/*!50003 SET character_set_client  = @saved_cs_client */ ;
/*!50003 SET character_set_results = @saved_cs_results */ ;
/*!50003 SET collation_connection  = @saved_col_connection */ ;
/*!50003 DROP PROCEDURE IF EXISTS `SP_ModifyFeatures` */;
/*!50003 SET @saved_cs_client      = @@character_set_client */ ;
/*!50003 SET @saved_cs_results     = @@character_set_results */ ;
/*!50003 SET @saved_col_connection = @@collation_connection */ ;
/*!50003 SET character_set_client  = utf8mb4 */ ;
/*!50003 SET character_set_results = utf8mb4 */ ;
/*!50003 SET collation_connection  = utf8mb4_0900_ai_ci */ ;
/*!50003 SET @saved_sql_mode       = @@sql_mode */ ;
/*!50003 SET sql_mode              = 'ONLY_FULL_GROUP_BY,STRICT_TRANS_TABLES,NO_ZERO_IN_DATE,NO_ZERO_DATE,ERROR_FOR_DIVISION_BY_ZERO,NO_ENGINE_SUBSTITUTION' */ ;
DELIMITER ;;
CREATE DEFINER=`root`@`localhost` PROCEDURE `SP_ModifyFeatures`(
pBackgroundImage longtext,
pIsActiveBackImage varchar(1),
pFeaturesList longtext
)
BEGIN

UPDATE hoteldatabasenew.data_value SET Value = cast(pBackgroundImage as char), IsActive = cast(pIsActiveBackImage as unsigned) WHERE Data_Id = 125;
UPDATE hoteldatabasenew.data_value SET Value = cast(pFeaturesList as char), IsActive = cast(1 as unsigned) WHERE Data_Id = 129;


END ;;
DELIMITER ;
/*!50003 SET sql_mode              = @saved_sql_mode */ ;
/*!50003 SET character_set_client  = @saved_cs_client */ ;
/*!50003 SET character_set_results = @saved_cs_results */ ;
/*!50003 SET collation_connection  = @saved_col_connection */ ;
/*!50003 DROP PROCEDURE IF EXISTS `SP_ModifyFeedback` */;
/*!50003 SET @saved_cs_client      = @@character_set_client */ ;
/*!50003 SET @saved_cs_results     = @@character_set_results */ ;
/*!50003 SET @saved_col_connection = @@collation_connection */ ;
/*!50003 SET character_set_client  = utf8mb4 */ ;
/*!50003 SET character_set_results = utf8mb4 */ ;
/*!50003 SET collation_connection  = utf8mb4_0900_ai_ci */ ;
/*!50003 SET @saved_sql_mode       = @@sql_mode */ ;
/*!50003 SET sql_mode              = 'ONLY_FULL_GROUP_BY,STRICT_TRANS_TABLES,NO_ZERO_IN_DATE,NO_ZERO_DATE,ERROR_FOR_DIVISION_BY_ZERO,NO_ENGINE_SUBSTITUTION' */ ;
DELIMITER ;;
CREATE DEFINER=`root`@`localhost` PROCEDURE `SP_ModifyFeedback`(
pBackImage longtext,
pIsActiveBackImage longtext,
pFeedbackString longtext
)
BEGIN

UPDATE hoteldatabasenew.data_value SET Value = cast(pBackImage as char), IsActive = cast(pIsActiveBackImage as unsigned) WHERE Data_Id = 61;
UPDATE hoteldatabasenew.data_value SET Value = cast(pFeedbackString as char), IsActive = cast(1 as unsigned) WHERE Data_Id = 132;

END ;;
DELIMITER ;
/*!50003 SET sql_mode              = @saved_sql_mode */ ;
/*!50003 SET character_set_client  = @saved_cs_client */ ;
/*!50003 SET character_set_results = @saved_cs_results */ ;
/*!50003 SET collation_connection  = @saved_col_connection */ ;
/*!50003 DROP PROCEDURE IF EXISTS `SP_ModifyGallery` */;
/*!50003 SET @saved_cs_client      = @@character_set_client */ ;
/*!50003 SET @saved_cs_results     = @@character_set_results */ ;
/*!50003 SET @saved_col_connection = @@collation_connection */ ;
/*!50003 SET character_set_client  = utf8mb4 */ ;
/*!50003 SET character_set_results = utf8mb4 */ ;
/*!50003 SET collation_connection  = utf8mb4_0900_ai_ci */ ;
/*!50003 SET @saved_sql_mode       = @@sql_mode */ ;
/*!50003 SET sql_mode              = 'ONLY_FULL_GROUP_BY,STRICT_TRANS_TABLES,NO_ZERO_IN_DATE,NO_ZERO_DATE,ERROR_FOR_DIVISION_BY_ZERO,NO_ENGINE_SUBSTITUTION' */ ;
DELIMITER ;;
CREATE DEFINER=`root`@`localhost` PROCEDURE `SP_ModifyGallery`(
pBtntext1 longtext,
pIsActiveBtn1 longtext,
pBtntext2 longtext,
pIsActiveBtn2 longtext,
pBtntext3 longtext,
pIsActiveBtn3 longtext,
pImageString longtext
)
BEGIN

UPDATE hoteldatabasenew.data_value SET Value = cast(pBtntext1 as char), IsActive = cast(pIsActiveBtn1 as unsigned) WHERE Data_Id = 49;
UPDATE hoteldatabasenew.data_value SET Value = cast(pBtntext2 as char), IsActive = cast(pIsActiveBtn2 as unsigned) WHERE Data_Id = 50;
UPDATE hoteldatabasenew.data_value SET Value = cast(pBtntext3 as char), IsActive = cast(pIsActiveBtn3 as unsigned) WHERE Data_Id = 51;
UPDATE hoteldatabasenew.data_value SET Value = cast(pImageString as char), IsActive = cast(1 as unsigned) WHERE Data_Id = 131;

END ;;
DELIMITER ;
/*!50003 SET sql_mode              = @saved_sql_mode */ ;
/*!50003 SET character_set_client  = @saved_cs_client */ ;
/*!50003 SET character_set_results = @saved_cs_results */ ;
/*!50003 SET collation_connection  = @saved_col_connection */ ;
/*!50003 DROP PROCEDURE IF EXISTS `SP_ModifyHome` */;
/*!50003 SET @saved_cs_client      = @@character_set_client */ ;
/*!50003 SET @saved_cs_results     = @@character_set_results */ ;
/*!50003 SET @saved_col_connection = @@collation_connection */ ;
/*!50003 SET character_set_client  = utf8mb4 */ ;
/*!50003 SET character_set_results = utf8mb4 */ ;
/*!50003 SET collation_connection  = utf8mb4_0900_ai_ci */ ;
/*!50003 SET @saved_sql_mode       = @@sql_mode */ ;
/*!50003 SET sql_mode              = 'ONLY_FULL_GROUP_BY,STRICT_TRANS_TABLES,NO_ZERO_IN_DATE,NO_ZERO_DATE,ERROR_FOR_DIVISION_BY_ZERO,NO_ENGINE_SUBSTITUTION' */ ;
DELIMITER ;;
CREATE DEFINER=`root`@`localhost` PROCEDURE `SP_ModifyHome`(
pHeading longtext,
 pIsActiveHeading int,
 pSecondHeading longtext,
 pIsActiveSecondHeading int,
 pBackgroungImage longtext,
 pIsActiveBackgroundImage int,
 pFeatureStringList longtext
)
BEGIN



UPDATE hoteldatabasenew.data_value SET Value = cast(pHeading as char), IsActive = cast(pIsActiveHeading as unsigned) WHERE Data_Id = 1;
UPDATE hoteldatabasenew.data_value SET Value = cast(pSecondHeading as char), IsActive = cast(pIsActiveSecondHeading as unsigned) WHERE Data_Id = 2;
UPDATE hoteldatabasenew.data_value SET Value = cast(pFeatureStringList as char), IsActive = cast(1 as unsigned) WHERE Data_Id = 126;
UPDATE hoteldatabasenew.data_value SET Value = cast(pBackgroungImage as char), IsActive = cast(pIsActiveBackgroundImage as unsigned) WHERE Data_Id = 128;


SELECT 1;

END ;;
DELIMITER ;
/*!50003 SET sql_mode              = @saved_sql_mode */ ;
/*!50003 SET character_set_client  = @saved_cs_client */ ;
/*!50003 SET character_set_results = @saved_cs_results */ ;
/*!50003 SET collation_connection  = @saved_col_connection */ ;
/*!50003 DROP PROCEDURE IF EXISTS `SP_ModifyServices` */;
/*!50003 SET @saved_cs_client      = @@character_set_client */ ;
/*!50003 SET @saved_cs_results     = @@character_set_results */ ;
/*!50003 SET @saved_col_connection = @@collation_connection */ ;
/*!50003 SET character_set_client  = utf8mb4 */ ;
/*!50003 SET character_set_results = utf8mb4 */ ;
/*!50003 SET collation_connection  = utf8mb4_0900_ai_ci */ ;
/*!50003 SET @saved_sql_mode       = @@sql_mode */ ;
/*!50003 SET sql_mode              = 'ONLY_FULL_GROUP_BY,STRICT_TRANS_TABLES,NO_ZERO_IN_DATE,NO_ZERO_DATE,ERROR_FOR_DIVISION_BY_ZERO,NO_ENGINE_SUBSTITUTION' */ ;
DELIMITER ;;
CREATE DEFINER=`root`@`localhost` PROCEDURE `SP_ModifyServices`(
pServiceList longtext
)
BEGIN

UPDATE hoteldatabasenew.data_value SET Value = cast(pServiceList as char), IsActive = cast(1 as unsigned) WHERE Data_Id = 130;

END ;;
DELIMITER ;
/*!50003 SET sql_mode              = @saved_sql_mode */ ;
/*!50003 SET character_set_client  = @saved_cs_client */ ;
/*!50003 SET character_set_results = @saved_cs_results */ ;
/*!50003 SET collation_connection  = @saved_col_connection */ ;
/*!50003 DROP PROCEDURE IF EXISTS `SP_ModifyTeam` */;
/*!50003 SET @saved_cs_client      = @@character_set_client */ ;
/*!50003 SET @saved_cs_results     = @@character_set_results */ ;
/*!50003 SET @saved_col_connection = @@collation_connection */ ;
/*!50003 SET character_set_client  = utf8mb4 */ ;
/*!50003 SET character_set_results = utf8mb4 */ ;
/*!50003 SET collation_connection  = utf8mb4_0900_ai_ci */ ;
/*!50003 SET @saved_sql_mode       = @@sql_mode */ ;
/*!50003 SET sql_mode              = 'ONLY_FULL_GROUP_BY,STRICT_TRANS_TABLES,NO_ZERO_IN_DATE,NO_ZERO_DATE,ERROR_FOR_DIVISION_BY_ZERO,NO_ENGINE_SUBSTITUTION' */ ;
DELIMITER ;;
CREATE DEFINER=`root`@`localhost` PROCEDURE `SP_ModifyTeam`(pTeamString longtext)
BEGIN
UPDATE hoteldatabasenew.data_value SET Value = cast(pTeamString as char), IsActive = cast(1 as unsigned) WHERE Data_Id = 133;
END ;;
DELIMITER ;
/*!50003 SET sql_mode              = @saved_sql_mode */ ;
/*!50003 SET character_set_client  = @saved_cs_client */ ;
/*!50003 SET character_set_results = @saved_cs_results */ ;
/*!50003 SET collation_connection  = @saved_col_connection */ ;
/*!50003 DROP PROCEDURE IF EXISTS `SP_OTP_UpdaterByUserId` */;
/*!50003 SET @saved_cs_client      = @@character_set_client */ ;
/*!50003 SET @saved_cs_results     = @@character_set_results */ ;
/*!50003 SET @saved_col_connection = @@collation_connection */ ;
/*!50003 SET character_set_client  = utf8mb4 */ ;
/*!50003 SET character_set_results = utf8mb4 */ ;
/*!50003 SET collation_connection  = utf8mb4_0900_ai_ci */ ;
/*!50003 SET @saved_sql_mode       = @@sql_mode */ ;
/*!50003 SET sql_mode              = 'ONLY_FULL_GROUP_BY,STRICT_TRANS_TABLES,NO_ZERO_IN_DATE,NO_ZERO_DATE,ERROR_FOR_DIVISION_BY_ZERO,NO_ENGINE_SUBSTITUTION' */ ;
DELIMITER ;;
CREATE DEFINER=`root`@`localhost` PROCEDURE `SP_OTP_UpdaterByUserId`(
sUserId int,
sOTP varchar(6)
)
BEGIN

UPDATE hoteldatabasenew.admindatas
SET OTP = sOTP,
OTP_Start_Time = now(),
OTP_End_Time = addtime(now(),"00:02:00")
WHERE UserId = sUserId;

SELECT 1;
END ;;
DELIMITER ;
/*!50003 SET sql_mode              = @saved_sql_mode */ ;
/*!50003 SET character_set_client  = @saved_cs_client */ ;
/*!50003 SET character_set_results = @saved_cs_results */ ;
/*!50003 SET collation_connection  = @saved_col_connection */ ;
/*!50003 DROP PROCEDURE IF EXISTS `SP_OTP_VerificationByUserId` */;
/*!50003 SET @saved_cs_client      = @@character_set_client */ ;
/*!50003 SET @saved_cs_results     = @@character_set_results */ ;
/*!50003 SET @saved_col_connection = @@collation_connection */ ;
/*!50003 SET character_set_client  = utf8mb4 */ ;
/*!50003 SET character_set_results = utf8mb4 */ ;
/*!50003 SET collation_connection  = utf8mb4_0900_ai_ci */ ;
/*!50003 SET @saved_sql_mode       = @@sql_mode */ ;
/*!50003 SET sql_mode              = 'ONLY_FULL_GROUP_BY,STRICT_TRANS_TABLES,NO_ZERO_IN_DATE,NO_ZERO_DATE,ERROR_FOR_DIVISION_BY_ZERO,NO_ENGINE_SUBSTITUTION' */ ;
DELIMITER ;;
CREATE DEFINER=`root`@`localhost` PROCEDURE `SP_OTP_VerificationByUserId`(
sUserId int,
sUserOTP varchar(6)
)
BEGIN

DECLARE dbOTP varchar(6);
DECLARE dbENDTIME longtext;
SET dbOTP = (SELECT OTP FROM hoteldatabasenew.admindatas WHERE UserId = sUserId);
SET dbENDTIME = (SELECT OTP_End_Time FROM hoteldatabasenew.admindatas WHERE UserId = sUserId);

IF (dbOTP = sUserOTP) THEN
	IF (dbENDTIME < now()) THEN
		SELECT 3; -- otp expired
	ELSE
		SELECT 1; -- Correct OTP with valid time
	END IF;
ELSE
	SELECT 2; -- Incorrect OTP
END IF;

END ;;
DELIMITER ;
/*!50003 SET sql_mode              = @saved_sql_mode */ ;
/*!50003 SET character_set_client  = @saved_cs_client */ ;
/*!50003 SET character_set_results = @saved_cs_results */ ;
/*!50003 SET collation_connection  = @saved_col_connection */ ;
/*!50003 DROP PROCEDURE IF EXISTS `SP_PasswordUpdateByUserId` */;
/*!50003 SET @saved_cs_client      = @@character_set_client */ ;
/*!50003 SET @saved_cs_results     = @@character_set_results */ ;
/*!50003 SET @saved_col_connection = @@collation_connection */ ;
/*!50003 SET character_set_client  = utf8mb4 */ ;
/*!50003 SET character_set_results = utf8mb4 */ ;
/*!50003 SET collation_connection  = utf8mb4_0900_ai_ci */ ;
/*!50003 SET @saved_sql_mode       = @@sql_mode */ ;
/*!50003 SET sql_mode              = 'ONLY_FULL_GROUP_BY,STRICT_TRANS_TABLES,NO_ZERO_IN_DATE,NO_ZERO_DATE,ERROR_FOR_DIVISION_BY_ZERO,NO_ENGINE_SUBSTITUTION' */ ;
DELIMITER ;;
CREATE DEFINER=`root`@`localhost` PROCEDURE `SP_PasswordUpdateByUserId`(
pUserId int,
pCurrentPassword longtext,
pConfirmPassword longtext
)
BEGIN

DECLARE dCurrentPassword longtext;
SET dCurrentPassword = (SELECT UserPassword FROM hoteldatabasenew.admindatas WHERE UserId = pUserId);

IF(dCurrentPassword = pCurrentPassword) THEN
UPDATE hoteldatabasenew.admindatas
SET UserPassword = pConfirmPassword
WHERE UserId = pUserId;
SELECT 1;
ELSE
SELECT 0;
END IF;

END ;;
DELIMITER ;
/*!50003 SET sql_mode              = @saved_sql_mode */ ;
/*!50003 SET character_set_client  = @saved_cs_client */ ;
/*!50003 SET character_set_results = @saved_cs_results */ ;
/*!50003 SET collation_connection  = @saved_col_connection */ ;
/*!50003 DROP PROCEDURE IF EXISTS `SP_PostBookingInquiry` */;
/*!50003 SET @saved_cs_client      = @@character_set_client */ ;
/*!50003 SET @saved_cs_results     = @@character_set_results */ ;
/*!50003 SET @saved_col_connection = @@collation_connection */ ;
/*!50003 SET character_set_client  = utf8mb4 */ ;
/*!50003 SET character_set_results = utf8mb4 */ ;
/*!50003 SET collation_connection  = utf8mb4_0900_ai_ci */ ;
/*!50003 SET @saved_sql_mode       = @@sql_mode */ ;
/*!50003 SET sql_mode              = 'ONLY_FULL_GROUP_BY,STRICT_TRANS_TABLES,NO_ZERO_IN_DATE,NO_ZERO_DATE,ERROR_FOR_DIVISION_BY_ZERO,NO_ENGINE_SUBSTITUTION' */ ;
DELIMITER ;;
CREATE DEFINER=`root`@`localhost` PROCEDURE `SP_PostBookingInquiry`(
pName longtext,
pEmail longtext,
pMobile longtext,
pRoomCount longtext,
pPersonCount longtext,
pCheckInDate longtext,
pCheckOutDate longtext,
pRoomTypeId longtext,
pTicketId longtext,
pIsActiveInquiry longtext
)
BEGIN

DECLARE dRoomTypeName longtext;
SET dRoomTypeName = (SELECT RoomTypeName FROM hoteldatabasenew.roomtypemasters WHERE Id = pRoomTypeId);
INSERT INTO hoteldatabasenew.roominquirydetails (ClientName, ClientEmail, ClientMobile, ClientRoomCount, ClientPersonCount, ClientCheckInDate, ClientCheckOutDate,ClientRoomTypeId,ClientTicketId,BookingTime,ClientRoomTypeName)
VALUES (pName,pEmail,pMobile,pRoomCount,pPersonCount,pCheckInDate,pCheckOutDate,pRoomTypeId,pTicketId,now(),dRoomTypeName);
SELECT 1;


END ;;
DELIMITER ;
/*!50003 SET sql_mode              = @saved_sql_mode */ ;
/*!50003 SET character_set_client  = @saved_cs_client */ ;
/*!50003 SET character_set_results = @saved_cs_results */ ;
/*!50003 SET collation_connection  = @saved_col_connection */ ;
/*!50003 DROP PROCEDURE IF EXISTS `SP_UpdateMailCredentials` */;
/*!50003 SET @saved_cs_client      = @@character_set_client */ ;
/*!50003 SET @saved_cs_results     = @@character_set_results */ ;
/*!50003 SET @saved_col_connection = @@collation_connection */ ;
/*!50003 SET character_set_client  = utf8mb4 */ ;
/*!50003 SET character_set_results = utf8mb4 */ ;
/*!50003 SET collation_connection  = utf8mb4_0900_ai_ci */ ;
/*!50003 SET @saved_sql_mode       = @@sql_mode */ ;
/*!50003 SET sql_mode              = 'ONLY_FULL_GROUP_BY,STRICT_TRANS_TABLES,NO_ZERO_IN_DATE,NO_ZERO_DATE,ERROR_FOR_DIVISION_BY_ZERO,NO_ENGINE_SUBSTITUTION' */ ;
DELIMITER ;;
CREATE DEFINER=`root`@`localhost` PROCEDURE `SP_UpdateMailCredentials`(pCredentialId int , pMail longtext, pPassword longtext)
BEGIN

UPDATE hoteldatabasenew.credentials
SET Credential_Mail = pMail, Credential_Password = pPassword
WHERE Credential_Id = pCredentialId;

END ;;
DELIMITER ;
/*!50003 SET sql_mode              = @saved_sql_mode */ ;
/*!50003 SET character_set_client  = @saved_cs_client */ ;
/*!50003 SET character_set_results = @saved_cs_results */ ;
/*!50003 SET collation_connection  = @saved_col_connection */ ;
/*!50003 DROP PROCEDURE IF EXISTS `SP_UpdatePasswordByUserId` */;
/*!50003 SET @saved_cs_client      = @@character_set_client */ ;
/*!50003 SET @saved_cs_results     = @@character_set_results */ ;
/*!50003 SET @saved_col_connection = @@collation_connection */ ;
/*!50003 SET character_set_client  = utf8mb4 */ ;
/*!50003 SET character_set_results = utf8mb4 */ ;
/*!50003 SET collation_connection  = utf8mb4_0900_ai_ci */ ;
/*!50003 SET @saved_sql_mode       = @@sql_mode */ ;
/*!50003 SET sql_mode              = 'ONLY_FULL_GROUP_BY,STRICT_TRANS_TABLES,NO_ZERO_IN_DATE,NO_ZERO_DATE,ERROR_FOR_DIVISION_BY_ZERO,NO_ENGINE_SUBSTITUTION' */ ;
DELIMITER ;;
CREATE DEFINER=`root`@`localhost` PROCEDURE `SP_UpdatePasswordByUserId`(
sUserId int,
sNewPassword nvarchar(15)
)
BEGIN
-- History Maintain 
	DECLARE dbOldPassword longtext;
     DECLARE IdCount int;
     
     
    SET dbOldPassword = (Select UserPassword FROM hoteldatabasenew.admindatas WHERE UserId = sUserId);
    SET IdCount = (SELECT count(UserId) FROM hoteldatabasenew.userpasswordhistories WHERE UserId = sUserId);
    
    IF (IdCount > 0) THEN
    UPDATE hoteldatabasenew.userpasswordhistories SET IsActive = 0 WHERE UserId = sUserId;
    END IF;
    
    
    INSERT INTO hoteldatabasenew.userpasswordhistories (UserId, OldPassword, CurrentPassword, UpdatedBy, UpdatedDate, IsActive)
	VALUES (sUserId, dbOldPassword, sNewPassword, sUserId, now() , 1);
    
    
	UPDATE hoteldatabasenew.admindatas 
SET 
    UserPassword = sNewPassword
WHERE
    UserId = sUserId;
    
SELECT 1;
END ;;
DELIMITER ;
/*!50003 SET sql_mode              = @saved_sql_mode */ ;
/*!50003 SET character_set_client  = @saved_cs_client */ ;
/*!50003 SET character_set_results = @saved_cs_results */ ;
/*!50003 SET collation_connection  = @saved_col_connection */ ;
/*!50003 DROP PROCEDURE IF EXISTS `SP_UpdateUserDetails` */;
/*!50003 SET @saved_cs_client      = @@character_set_client */ ;
/*!50003 SET @saved_cs_results     = @@character_set_results */ ;
/*!50003 SET @saved_col_connection = @@collation_connection */ ;
/*!50003 SET character_set_client  = utf8mb4 */ ;
/*!50003 SET character_set_results = utf8mb4 */ ;
/*!50003 SET collation_connection  = utf8mb4_0900_ai_ci */ ;
/*!50003 SET @saved_sql_mode       = @@sql_mode */ ;
/*!50003 SET sql_mode              = 'ONLY_FULL_GROUP_BY,STRICT_TRANS_TABLES,NO_ZERO_IN_DATE,NO_ZERO_DATE,ERROR_FOR_DIVISION_BY_ZERO,NO_ENGINE_SUBSTITUTION' */ ;
DELIMITER ;;
CREATE DEFINER=`root`@`localhost` PROCEDURE `SP_UpdateUserDetails`(
	pUserId int,
  pFirstName longtext,
  pLastName longtext,
  pGender longtext,
  pAddress longtext,
  pCity longtext,
  pState longtext,
  pPincode longtext,
  pUserAvtaar longtext
)
BEGIN

UPDATE hoteldatabasenew.admindatas
SET FirstName = pFirstName,
    LastName = pLastName,
    City = pCity,
    State = pState,
    Gender = pGender,
    Pincode = pPincode,
    Address = pAddress,
    UserAvtaar = pUserAvtaar
WHERE UserId = pUserId;

END ;;
DELIMITER ;
/*!50003 SET sql_mode              = @saved_sql_mode */ ;
/*!50003 SET character_set_client  = @saved_cs_client */ ;
/*!50003 SET character_set_results = @saved_cs_results */ ;
/*!50003 SET collation_connection  = @saved_col_connection */ ;
/*!50003 DROP PROCEDURE IF EXISTS `SP_ValidateUser` */;
/*!50003 SET @saved_cs_client      = @@character_set_client */ ;
/*!50003 SET @saved_cs_results     = @@character_set_results */ ;
/*!50003 SET @saved_col_connection = @@collation_connection */ ;
/*!50003 SET character_set_client  = utf8mb4 */ ;
/*!50003 SET character_set_results = utf8mb4 */ ;
/*!50003 SET collation_connection  = utf8mb4_0900_ai_ci */ ;
/*!50003 SET @saved_sql_mode       = @@sql_mode */ ;
/*!50003 SET sql_mode              = 'ONLY_FULL_GROUP_BY,STRICT_TRANS_TABLES,NO_ZERO_IN_DATE,NO_ZERO_DATE,ERROR_FOR_DIVISION_BY_ZERO,NO_ENGINE_SUBSTITUTION' */ ;
DELIMITER ;;
CREATE DEFINER=`root`@`localhost` PROCEDURE `SP_ValidateUser`(
sUserCheckDetail varchar(50)
)
BEGIN

DECLARE RESULT INT;
SET RESULT = (SELECT UserId FROM hoteldatabasenew.admindatas WHERE UserName = sUserCheckDetail || Email = sUserCheckDetail || Phone = sUserCheckDetail);
IF(RESULT IS NULL) THEN
SELECT 0;
ELSE
SELECT RESULT;
END IF;
 
END ;;
DELIMITER ;
/*!50003 SET sql_mode              = @saved_sql_mode */ ;
/*!50003 SET character_set_client  = @saved_cs_client */ ;
/*!50003 SET character_set_results = @saved_cs_results */ ;
/*!50003 SET collation_connection  = @saved_col_connection */ ;
/*!40103 SET TIME_ZONE=@OLD_TIME_ZONE */;

/*!40101 SET SQL_MODE=@OLD_SQL_MODE */;
/*!40014 SET FOREIGN_KEY_CHECKS=@OLD_FOREIGN_KEY_CHECKS */;
/*!40014 SET UNIQUE_CHECKS=@OLD_UNIQUE_CHECKS */;
/*!40101 SET CHARACTER_SET_CLIENT=@OLD_CHARACTER_SET_CLIENT */;
/*!40101 SET CHARACTER_SET_RESULTS=@OLD_CHARACTER_SET_RESULTS */;
/*!40101 SET COLLATION_CONNECTION=@OLD_COLLATION_CONNECTION */;
/*!40111 SET SQL_NOTES=@OLD_SQL_NOTES */;

-- Dump completed on 2023-04-28 17:51:02
